[{"model": "registration.user", "pk": 1, "fields": {"password": "pbkdf2_sha256$180000$PGdq2MnbhQfE$Vb/ZzppGte4xzaDhdPMB9Gw6U0nOS6GPARs+imgH350=", "last_login": "2021-02-10T23:31:26.647Z", "is_superuser": true, "username": "diegoadmin", "first_name": "", "last_name": "", "email": "demm94@gmail.com", "is_staff": true, "is_active": true, "date_joined": "2020-11-08T19:45:07.857Z", "is_medico": false, "is_cuidador": false, "is_gestionador": false, "groups": [], "user_permissions": []}}, {"model": "registration.user", "pk": 2, "fields": {"password": "pbkdf2_sha256$180000$ToOA0S2W0r49$lDAsJuc0vdVUSb7912hOje4NoMrrI1oJ4SJgMhnijV0=", "last_login": "2021-01-15T04:44:16.588Z", "is_superuser": false, "username": "cuidador1", "first_name": "Derek", "last_name": "Shepherd", "email": "cuidador1@gmail.com", "is_staff": false, "is_active": true, "date_joined": "2020-11-19T05:22:46Z", "is_medico": false, "is_cuidador": true, "is_gestionador": false, "groups": [], "user_permissions": []}}, {"model": "registration.user", "pk": 3, "fields": {"password": "pbkdf2_sha256$180000$i2CFV0CnkCDi$EXMlouHdoLv3d8ACFbRdJssxEZteB96CG3E605zHWQo=", "last_login": "2021-01-14T01:33:43.845Z", "is_superuser": false, "username": "medico1", "first_name": "Derek", "last_name": "Shepherd", "email": "medico1@gmail.com", "is_staff": false, "is_active": true, "date_joined": "2020-11-19T05:36:54Z", "is_medico": true, "is_cuidador": false, "is_gestionador": false, "groups": [], "user_permissions": []}}, {"model": "registration.user", "pk": 4, "fields": {"password": "pbkdf2_sha256$180000$XcdBQnLfaVA0$x5pz9rfVdFVhqYs4HcgS1Fe+i6cCVcOpgyD8iu84v0o=", "last_login": "2021-01-01T22:37:33.868Z", "is_superuser": false, "username": "cuidador2", "first_name": "Juan", "last_name": "Santander", "email": "cuidador2@gmail.com", "is_staff": false, "is_active": true, "date_joined": "2020-11-21T17:57:44Z", "is_medico": false, "is_cuidador": true, "is_gestionador": false, "groups": [], "user_permissions": []}}, {"model": "registration.user", "pk": 5, "fields": {"password": "pbkdf2_sha256$180000$rAB8cwviPeTH$I+OCDq2xAju37TPaaS73KkgbsQDYaIdom/nqTFw/DgM=", "last_login": "2021-01-01T23:20:00.038Z", "is_superuser": false, "username": "cuidador3", "first_name": "", "last_name": "", "email": "cuidador3@gmail.com", "is_staff": false, "is_active": true, "date_joined": "2020-12-01T01:31:41.902Z", "is_medico": false, "is_cuidador": true, "is_gestionador": false, "groups": [], "user_permissions": []}}, {"model": "registration.user", "pk": 6, "fields": {"password": "pbkdf2_sha256$180000$WuCusUt0p1ux$iCfou2jyL63xZeSK7F8er+/VhIAMpqPWOh3gOC6KHdk=", "last_login": "2020-12-26T06:32:38.180Z", "is_superuser": false, "username": "cuidador8", "first_name": "Diego Eliezer", "last_name": "Muñoz Morales", "email": "demm94@gmail.com", "is_staff": false, "is_active": true, "date_joined": "2020-12-26T06:32:28.553Z", "is_medico": false, "is_cuidador": true, "is_gestionador": false, "groups": [], "user_permissions": []}}, {"model": "registration.user", "pk": 7, "fields": {"password": "pbkdf2_sha256$180000$qD5FpP6z1T1i$9fdozSWb4GxAAXnX6uBCABIm1AJpTyGcdTQBqgh8YvM=", "last_login": "2020-12-26T06:38:25.325Z", "is_superuser": false, "username": "medico4", "first_name": "Meredith", "last_name": "Grey", "email": "medico4@gmail.com", "is_staff": false, "is_active": true, "date_joined": "2020-12-26T06:38:20.454Z", "is_medico": true, "is_cuidador": false, "is_gestionador": false, "groups": [], "user_permissions": []}}, {"model": "registration.user", "pk": 8, "fields": {"password": "pbkdf2_sha256$180000$cz39GoE5rLb6$C+i+hzmmSUVLTlctMD3J4Cnu5DgEJzekc3asELRNRfU=", "last_login": "2021-01-03T23:20:45.769Z", "is_superuser": false, "username": "cuidador9", "first_name": "Alex", "last_name": "Carev", "email": "cuidador9@gmail.com", "is_staff": false, "is_active": true, "date_joined": "2020-12-27T01:28:33.678Z", "is_medico": false, "is_cuidador": true, "is_gestionador": false, "groups": [], "user_permissions": []}}, {"model": "registration.user", "pk": 10, "fields": {"password": "pbkdf2_sha256$180000$p52QqUccdr3k$TKD0VweuKo2FrqQInSmv4lK0nzhsdCKf65gBefVwENc=", "last_login": "2021-02-09T01:05:35.848Z", "is_superuser": false, "username": "gestionador", "first_name": "", "last_name": "", "email": "", "is_staff": true, "is_active": true, "date_joined": "2021-02-09T01:04:07Z", "is_medico": false, "is_cuidador": false, "is_gestionador": true, "groups": [], "user_permissions": [46, 48, 38, 40]}}, {"model": "registration.user", "pk": 11, "fields": {"password": "pbkdf2_sha256$180000$940DbFPhA8Iu$+3DZcOHTiBgPp/1iCxSCbw2LvfIPa6Z3Xs0qgY5FjJk=", "last_login": "2023-03-22T14:26:12.277Z", "is_superuser": false, "username": "alan", "first_name": "Alan", "last_name": "Cotal", "email": "acotal2018@inf.udec.cl", "is_staff": false, "is_active": true, "date_joined": "2023-03-22T14:25:33.873Z", "is_medico": false, "is_cuidador": true, "is_gestionador": false, "groups": [], "user_permissions": []}}, {"model": "registration.user", "pk": 12, "fields": {"password": "pbkdf2_sha256$390000$HQre868v8ZFwAVtPAlDjez$KnaQCmAsoWFeEN6T1Mi8wVw2vvN8RJsC9sOEjw53lVM=", "last_login": "2023-06-19T15:52:38.888Z", "is_superuser": false, "username": "acotal2018", "first_name": "Alan", "last_name": "Cotal", "email": "acotal2018@inf.udec.cl", "is_staff": false, "is_active": true, "date_joined": "2023-03-27T19:31:33.460Z", "is_medico": false, "is_cuidador": true, "is_gestionador": false, "groups": [], "user_permissions": []}}, {"model": "registration.user", "pk": 13, "fields": {"password": "pbkdf2_sha256$390000$1eaScTt5F32JDYK5Kff1k8$kZn1vyyi6xQNiASL2jEcP3K8Bkkf5O3FbBSVsk8Qn+I=", "last_login": "2023-06-19T15:53:00.555Z", "is_superuser": false, "username": "acotalD", "first_name": "Alan", "last_name": "Cotal", "email": "acotal2018@inf.udec.cl", "is_staff": false, "is_active": true, "date_joined": "2023-03-27T19:32:32.959Z", "is_medico": true, "is_cuidador": false, "is_gestionador": false, "groups": [], "user_permissions": []}}, {"model": "registration.user", "pk": 14, "fields": {"password": "pbkdf2_sha256$390000$tWaNYhMACdzzIq0x0r8Gws$J0MlR2cfI2+cAPlqSKXsiuhAVKPzsc7lFlF1TYLqQ9A=", "last_login": "2023-06-16T16:40:45.143Z", "is_superuser": true, "username": "admin", "first_name": "", "last_name": "", "email": "admin@example.com", "is_staff": true, "is_active": true, "date_joined": "2023-04-05T14:34:26.677Z", "is_medico": false, "is_cuidador": false, "is_gestionador": false, "groups": [], "user_permissions": []}}, {"model": "registration.user", "pk": 15, "fields": {"password": "pbkdf2_sha256$180000$67Fm1S4KNIiQ$oZqCJ/3jA4FqF+g91ONje3Ba2NbsurcR40yrG4BCJpw=", "last_login": "2023-04-24T14:55:42.763Z", "is_superuser": false, "username": "nuevo2", "first_name": "nuevo", "last_name": "2", "email": "nuevo2@example.com", "is_staff": false, "is_active": true, "date_joined": "2023-04-24T14:55:18.491Z", "is_medico": false, "is_cuidador": true, "is_gestionador": false, "groups": [], "user_permissions": []}}, {"model": "registration.user", "pk": 16, "fields": {"password": "pbkdf2_sha256$390000$tccJ7Xw7slhPwCaKxX9ahk$cF1WhYJgnf4qMfq9p7LuBq7qHY5JzVGqyZTrf4I46vA=", "last_login": "2023-06-07T16:23:07.543Z", "is_superuser": false, "username": "doctor1", "first_name": "doctor1", "last_name": "uno", "email": "doctor1@example.com", "is_staff": false, "is_active": true, "date_joined": "2023-04-25T14:19:14.820Z", "is_medico": true, "is_cuidador": false, "is_gestionador": false, "groups": [], "user_permissions": []}}, {"model": "registration.user", "pk": 17, "fields": {"password": "pbkdf2_sha256$390000$550Mfq5UtNikcEzlRVsmhz$H6ok3b3IAY3YKOqQ5jBXnrvxurbrzy7G4TIwu/kBLSY=", "last_login": "2023-05-03T16:20:25.321Z", "is_superuser": false, "username": "medico6", "first_name": "medico", "last_name": "seis", "email": "medico6@example.com", "is_staff": false, "is_active": true, "date_joined": "2023-05-03T16:20:09.562Z", "is_medico": true, "is_cuidador": false, "is_gestionador": false, "groups": [], "user_permissions": []}}, {"model": "registration.user", "pk": 18, "fields": {"password": "pbkdf2_sha256$390000$vM20f55mbwbMxB4ylHQiZa$Dc9CB7NO3M80TDCz1xwYMxepgLpxz59BXYRWIAtioiQ=", "last_login": "2023-05-18T14:54:08.236Z", "is_superuser": false, "username": "cuidador5", "first_name": "Cuidador", "last_name": "5", "email": "cuidador5@example.com", "is_staff": false, "is_active": true, "date_joined": "2023-05-04T16:16:18.523Z", "is_medico": false, "is_cuidador": true, "is_gestionador": false, "groups": [], "user_permissions": []}}, {"model": "registration.user", "pk": 19, "fields": {"password": "pbkdf2_sha256$390000$n4sKY7bdFT3guqEbOryHtY$Y56U6n350+cBkdDLocVeEqV7e103NyG7YvInnaNLjyM=", "last_login": "2023-05-16T20:57:42.481Z", "is_superuser": false, "username": "doctor5", "first_name": "doctor", "last_name": "cinco", "email": "doctor5@example.com", "is_staff": false, "is_active": true, "date_joined": "2023-05-16T20:53:29.424Z", "is_medico": true, "is_cuidador": false, "is_gestionador": false, "groups": [], "user_permissions": []}}, {"model": "registration.user", "pk": 20, "fields": {"password": "pbkdf2_sha256$390000$XYJbVPVXyusdE5a6E9I6Hc$S23fnI+KXIItFPt6OQsPaX0D/2kETwwatYuouK9tynM=", "last_login": "2023-05-26T18:02:26.368Z", "is_superuser": false, "username": "cuidador6", "first_name": "cuidador6", "last_name": "seis", "email": "cuidador6@example.com", "is_staff": false, "is_active": true, "date_joined": "2023-05-18T16:10:55.044Z", "is_medico": false, "is_cuidador": true, "is_gestionador": false, "groups": [], "user_permissions": []}}, {"model": "admin.logentry", "pk": 1, "fields": {"action_time": "2020-11-08T21:04:41.535Z", "user": 1, "content_type": 10, "object_id": "1", "object_repr": "Marchas y Caídas", "action_flag": 1, "change_message": "[{\"added\": {}}]"}}, {"model": "admin.logentry", "pk": 2, "fields": {"action_time": "2020-11-08T21:04:45.973Z", "user": 1, "content_type": 10, "object_id": "2", "object_repr": "Sueño", "action_flag": 1, "change_message": "[{\"added\": {}}]"}}, {"model": "admin.logentry", "pk": 3, "fields": {"action_time": "2020-11-08T21:04:50.301Z", "user": 1, "content_type": 10, "object_id": "3", "object_repr": "Vacunas", "action_flag": 1, "change_message": "[{\"added\": {}}]"}}, {"model": "admin.logentry", "pk": 4, "fields": {"action_time": "2020-11-08T21:12:56.748Z", "user": 1, "content_type": 11, "object_id": "1", "object_repr": "Cambios normales en la marcha", "action_flag": 1, "change_message": "[{\"added\": {}}]"}}, {"model": "admin.logentry", "pk": 5, "fields": {"action_time": "2020-11-08T21:13:04.309Z", "user": 1, "content_type": 11, "object_id": "2", "object_repr": "Caídas", "action_flag": 1, "change_message": "[{\"added\": {}}]"}}, {"model": "admin.logentry", "pk": 6, "fields": {"action_time": "2020-11-08T21:19:16.136Z", "user": 1, "content_type": 12, "object_id": "1", "object_repr": "Factores de riesgo", "action_flag": 1, "change_message": "[{\"added\": {}}]"}}, {"model": "admin.logentry", "pk": 7, "fields": {"action_time": "2020-11-08T21:19:35.934Z", "user": 1, "content_type": 12, "object_id": "2", "object_repr": "Importancia de prevención", "action_flag": 1, "change_message": "[{\"added\": {}}]"}}, {"model": "admin.logentry", "pk": 8, "fields": {"action_time": "2020-11-08T21:19:57.674Z", "user": 1, "content_type": 12, "object_id": "3", "object_repr": "Consejos para prevenir caídas", "action_flag": 1, "change_message": "[{\"added\": {}}]"}}, {"model": "admin.logentry", "pk": 9, "fields": {"action_time": "2020-11-08T21:36:41.040Z", "user": 1, "content_type": 12, "object_id": "4", "object_repr": "Cambios normales en el sueño", "action_flag": 1, "change_message": "[{\"added\": {}}]"}}, {"model": "admin.logentry", "pk": 10, "fields": {"action_time": "2020-11-08T21:37:59.334Z", "user": 1, "content_type": 12, "object_id": "5", "object_repr": "Enfermedades del sueño", "action_flag": 1, "change_message": "[{\"added\": {}}]"}}, {"model": "admin.logentry", "pk": 11, "fields": {"action_time": "2020-11-08T21:38:04.457Z", "user": 1, "content_type": 12, "object_id": "6", "object_repr": "Consejos para mejorar el sueño", "action_flag": 1, "change_message": "[{\"added\": {}}]"}}, {"model": "admin.logentry", "pk": 12, "fields": {"action_time": "2020-11-08T22:04:47.900Z", "user": 1, "content_type": 13, "object_id": "1", "object_repr": "Descripción tema factores riesgo de caídas", "action_flag": 1, "change_message": "[{\"added\": {}}]"}}, {"model": "admin.logentry", "pk": 13, "fields": {"action_time": "2020-11-08T22:09:47.704Z", "user": 1, "content_type": 13, "object_id": "2", "object_repr": "Detalle tema importancia de prevención caídas", "action_flag": 1, "change_message": "[{\"added\": {}}]"}}, {"model": "admin.logentry", "pk": 14, "fields": {"action_time": "2020-11-08T22:11:15.694Z", "user": 1, "content_type": 13, "object_id": "3", "object_repr": "Detalle tema prevención caídas", "action_flag": 1, "change_message": "[{\"added\": {}}]"}}, {"model": "admin.logentry", "pk": 15, "fields": {"action_time": "2020-11-08T22:14:32.788Z", "user": 1, "content_type": 13, "object_id": "4", "object_repr": "Detalle tema cambios normales en la marcha", "action_flag": 1, "change_message": "[{\"added\": {}}]"}}, {"model": "admin.logentry", "pk": 16, "fields": {"action_time": "2020-11-08T22:15:38.685Z", "user": 1, "content_type": 13, "object_id": "5", "object_repr": "Descripción vacunas", "action_flag": 1, "change_message": "[{\"added\": {}}]"}}, {"model": "admin.logentry", "pk": 17, "fields": {"action_time": "2020-11-09T00:48:10.459Z", "user": 1, "content_type": 10, "object_id": "4", "object_repr": "Alteraciones de la Memoria", "action_flag": 1, "change_message": "[{\"added\": {}}]"}}, {"model": "admin.logentry", "pk": 18, "fields": {"action_time": "2020-11-09T00:48:25.249Z", "user": 1, "content_type": 10, "object_id": "5", "object_repr": "Funcionalidad y Dependencia", "action_flag": 1, "change_message": "[{\"added\": {}}]"}}, {"model": "admin.logentry", "pk": 19, "fields": {"action_time": "2020-11-09T00:48:35.000Z", "user": 1, "content_type": 10, "object_id": "6", "object_repr": "Visión y Audición", "action_flag": 1, "change_message": "[{\"added\": {}}]"}}, {"model": "admin.logentry", "pk": 20, "fields": {"action_time": "2020-11-09T00:48:44.186Z", "user": 1, "content_type": 10, "object_id": "7", "object_repr": "Cambios Psicológicos y Sociales", "action_flag": 1, "change_message": "[{\"added\": {}}]"}}, {"model": "admin.logentry", "pk": 21, "fields": {"action_time": "2020-11-09T00:48:54.967Z", "user": 1, "content_type": 10, "object_id": "8", "object_repr": "Incontinencia y Constipación", "action_flag": 1, "change_message": "[{\"added\": {}}]"}}, {"model": "admin.logentry", "pk": 22, "fields": {"action_time": "2020-11-09T00:49:14.038Z", "user": 1, "content_type": 10, "object_id": "9", "object_repr": "Osteoporosis y Fracturas", "action_flag": 1, "change_message": "[{\"added\": {}}]"}}, {"model": "admin.logentry", "pk": 23, "fields": {"action_time": "2020-11-09T00:49:25.952Z", "user": 1, "content_type": 10, "object_id": "10", "object_repr": "Nutrición y Peso", "action_flag": 1, "change_message": "[{\"added\": {}}]"}}, {"model": "admin.logentry", "pk": 24, "fields": {"action_time": "2020-11-09T00:49:35.479Z", "user": 1, "content_type": 10, "object_id": "11", "object_repr": "Medicamentos", "action_flag": 1, "change_message": "[{\"added\": {}}]"}}, {"model": "admin.logentry", "pk": 25, "fields": {"action_time": "2020-11-18T21:59:58.956Z", "user": 1, "content_type": 11, "object_id": "3", "object_repr": "Consejos de cuidados de pacientes con demencia", "action_flag": 1, "change_message": "[{\"added\": {}}]"}}, {"model": "admin.logentry", "pk": 26, "fields": {"action_time": "2020-11-18T22:00:15.031Z", "user": 1, "content_type": 11, "object_id": "4", "object_repr": "Incontinencia urinaria", "action_flag": 1, "change_message": "[{\"added\": {}}]"}}, {"model": "admin.logentry", "pk": 27, "fields": {"action_time": "2020-11-18T22:00:26.693Z", "user": 1, "content_type": 11, "object_id": "5", "object_repr": "Incontinencia fecal", "action_flag": 1, "change_message": "[{\"added\": {}}]"}}, {"model": "admin.logentry", "pk": 28, "fields": {"action_time": "2020-11-18T22:00:44.167Z", "user": 1, "content_type": 11, "object_id": "6", "object_repr": "Constipación", "action_flag": 1, "change_message": "[{\"added\": {}}]"}}, {"model": "admin.logentry", "pk": 29, "fields": {"action_time": "2020-11-18T22:01:53.902Z", "user": 1, "content_type": 12, "object_id": "7", "object_repr": "Cambios normales en el sueño --- Subtópico: None --- Tópico: Sueño", "action_flag": 1, "change_message": "[{\"added\": {}}]"}}, {"model": "admin.logentry", "pk": 30, "fields": {"action_time": "2020-11-18T22:02:06.743Z", "user": 1, "content_type": 12, "object_id": "8", "object_repr": "Enfermedades del sueño --- Subtópico: None --- Tópico: Sueño", "action_flag": 1, "change_message": "[{\"added\": {}}]"}}, {"model": "admin.logentry", "pk": 31, "fields": {"action_time": "2020-11-18T22:02:18.214Z", "user": 1, "content_type": 12, "object_id": "9", "object_repr": "Consejos para mejorar el sueño --- Subtópico: None --- Tópico: Sueño", "action_flag": 1, "change_message": "[{\"added\": {}}]"}}, {"model": "admin.logentry", "pk": 32, "fields": {"action_time": "2020-11-18T22:02:38.751Z", "user": 1, "content_type": 12, "object_id": "10", "object_repr": "Cambios normales en la memoria --- Subtópico: None --- Tópico: Alteraciones de la Memoria", "action_flag": 1, "change_message": "[{\"added\": {}}]"}}, {"model": "admin.logentry", "pk": 33, "fields": {"action_time": "2020-11-18T22:02:50.374Z", "user": 1, "content_type": 12, "object_id": "11", "object_repr": "Demencias --- Subtópico: None --- Tópico: Alteraciones de la Memoria", "action_flag": 1, "change_message": "[{\"added\": {}}]"}}, {"model": "admin.logentry", "pk": 34, "fields": {"action_time": "2020-11-18T22:03:08.527Z", "user": 1, "content_type": 12, "object_id": "12", "object_repr": "Trastornos conductuales asociados a demencias --- Subtópico: None --- Tópico: Alteraciones de la Memoria", "action_flag": 1, "change_message": "[{\"added\": {}}]"}}, {"model": "admin.logentry", "pk": 35, "fields": {"action_time": "2020-11-18T22:03:38.561Z", "user": 1, "content_type": 12, "object_id": "13", "object_repr": "Consejos generales --- Subtópico: Consejos de cuidados de pacientes con demencia --- Tópico: Alteraciones de la Memoria", "action_flag": 1, "change_message": "[{\"added\": {}}]"}}, {"model": "admin.logentry", "pk": 36, "fields": {"action_time": "2020-11-18T22:04:09.543Z", "user": 1, "content_type": 12, "object_id": "14", "object_repr": "Consejos para el manejo de trastornos conductuales --- Subtópico: Consejos de cuidados de pacientes con demencia --- Tópico: Cambios Psicológicos y Sociales", "action_flag": 1, "change_message": "[{\"added\": {}}]"}}, {"model": "admin.logentry", "pk": 37, "fields": {"action_time": "2020-11-18T22:04:33.678Z", "user": 1, "content_type": 12, "object_id": "15", "object_repr": "Ejemplos de estrategias para trastornos conductual --- Subtópico: Consejos de cuidados de pacientes con demencia --- Tópico: Alteraciones de la Memoria", "action_flag": 1, "change_message": "[{\"added\": {}}]"}}, {"model": "admin.logentry", "pk": 38, "fields": {"action_time": "2020-11-18T22:04:44.558Z", "user": 1, "content_type": 12, "object_id": "16", "object_repr": "¿Cuándo una persona es dependiente? --- Subtópico: None --- Tópico: Funcionalidad y Dependencia", "action_flag": 1, "change_message": "[{\"added\": {}}]"}}, {"model": "admin.logentry", "pk": 39, "fields": {"action_time": "2020-11-18T22:05:03.550Z", "user": 1, "content_type": 12, "object_id": "17", "object_repr": "Medición de la dependencia --- Subtópico: None --- Tópico: Funcionalidad y Dependencia", "action_flag": 1, "change_message": "[{\"added\": {}}]"}}, {"model": "admin.logentry", "pk": 40, "fields": {"action_time": "2020-11-18T22:06:39.583Z", "user": 1, "content_type": 12, "object_id": "18", "object_repr": "Conductas de cuidadores que favorecen la dependencia --- Subtópico: None --- Tópico: Funcionalidad y Dependencia", "action_flag": 1, "change_message": "[{\"added\": {}}]"}}, {"model": "admin.logentry", "pk": 41, "fields": {"action_time": "2020-11-18T22:06:54.454Z", "user": 1, "content_type": 12, "object_id": "19", "object_repr": "Consejos para prevenir y manejar la dependencia --- Subtópico: None --- Tópico: Funcionalidad y Dependencia", "action_flag": 1, "change_message": "[{\"added\": {}}]"}}, {"model": "admin.logentry", "pk": 42, "fields": {"action_time": "2020-11-18T22:08:23.385Z", "user": 1, "content_type": 12, "object_id": "9", "object_repr": "Consejos para mejorar el sueño --- Subtópico: None --- Tópico: Sueño", "action_flag": 3, "change_message": ""}}, {"model": "admin.logentry", "pk": 43, "fields": {"action_time": "2020-11-18T22:08:23.422Z", "user": 1, "content_type": 12, "object_id": "8", "object_repr": "Enfermedades del sueño --- Subtópico: None --- Tópico: Sueño", "action_flag": 3, "change_message": ""}}, {"model": "admin.logentry", "pk": 44, "fields": {"action_time": "2020-11-18T22:08:23.436Z", "user": 1, "content_type": 12, "object_id": "7", "object_repr": "Cambios normales en el sueño --- Subtópico: None --- Tópico: Sueño", "action_flag": 3, "change_message": ""}}, {"model": "admin.logentry", "pk": 45, "fields": {"action_time": "2020-11-18T22:08:41.302Z", "user": 1, "content_type": 12, "object_id": "20", "object_repr": "Cambios normales en la visión y audición --- Subtópico: None --- Tópico: Visión y Audición", "action_flag": 1, "change_message": "[{\"added\": {}}]"}}, {"model": "admin.logentry", "pk": 46, "fields": {"action_time": "2020-11-18T22:10:06.406Z", "user": 1, "content_type": 12, "object_id": "21", "object_repr": "Consejos sobre visión y audición --- Subtópico: None --- Tópico: Visión y Audición", "action_flag": 1, "change_message": "[{\"added\": {}}]"}}, {"model": "admin.logentry", "pk": 47, "fields": {"action_time": "2020-11-18T22:10:53.727Z", "user": 1, "content_type": 12, "object_id": "13", "object_repr": "Consejos generales para el cuidado de pacientes con demencia --- Subtópico: Consejos de cuidados de pacientes con demencia --- Tópico: Alteraciones de la Memoria", "action_flag": 2, "change_message": "[{\"changed\": {\"fields\": [\"Nombre\"]}}]"}}, {"model": "admin.logentry", "pk": 48, "fields": {"action_time": "2020-11-18T22:12:32.774Z", "user": 1, "content_type": 12, "object_id": "22", "object_repr": "Cambios que vive una persona mayor --- Subtópico: None --- Tópico: Cambios Psicológicos y Sociales", "action_flag": 1, "change_message": "[{\"added\": {}}]"}}, {"model": "admin.logentry", "pk": 49, "fields": {"action_time": "2020-11-18T22:12:58.407Z", "user": 1, "content_type": 12, "object_id": "23", "object_repr": "Enfermedades de salud mental --- Subtópico: None --- Tópico: Cambios Psicológicos y Sociales", "action_flag": 1, "change_message": "[{\"added\": {}}]"}}, {"model": "admin.logentry", "pk": 50, "fields": {"action_time": "2020-11-18T22:13:57.070Z", "user": 1, "content_type": 12, "object_id": "24", "object_repr": "Consejos sobre cambios psicológicos y sociales --- Subtópico: None --- Tópico: Cambios Psicológicos y Sociales", "action_flag": 1, "change_message": "[{\"added\": {}}]"}}, {"model": "admin.logentry", "pk": 51, "fields": {"action_time": "2020-11-18T22:16:36.159Z", "user": 1, "content_type": 12, "object_id": "25", "object_repr": "Definición de incontinencia urinaria --- Subtópico: Incontinencia urinaria --- Tópico: Incontinencia y Constipación", "action_flag": 1, "change_message": "[{\"added\": {}}]"}}, {"model": "admin.logentry", "pk": 52, "fields": {"action_time": "2020-11-18T22:17:00.959Z", "user": 1, "content_type": 12, "object_id": "26", "object_repr": "Consejos sobre incontinencia urinaria --- Subtópico: Incontinencia urinaria --- Tópico: Incontinencia y Constipación", "action_flag": 1, "change_message": "[{\"added\": {}}]"}}, {"model": "admin.logentry", "pk": 53, "fields": {"action_time": "2020-11-18T22:17:18.823Z", "user": 1, "content_type": 12, "object_id": "27", "object_repr": "Definición de incontinencia fecal --- Subtópico: Incontinencia fecal --- Tópico: Incontinencia y Constipación", "action_flag": 1, "change_message": "[{\"added\": {}}]"}}, {"model": "admin.logentry", "pk": 54, "fields": {"action_time": "2020-11-18T22:17:38.871Z", "user": 1, "content_type": 12, "object_id": "28", "object_repr": "Consejos sobre incontinencia fecal --- Subtópico: Incontinencia fecal --- Tópico: Incontinencia y Constipación", "action_flag": 1, "change_message": "[{\"added\": {}}]"}}, {"model": "admin.logentry", "pk": 55, "fields": {"action_time": "2020-11-18T22:17:52.399Z", "user": 1, "content_type": 12, "object_id": "29", "object_repr": "Definición de constipación --- Subtópico: Incontinencia fecal --- Tópico: Incontinencia y Constipación", "action_flag": 1, "change_message": "[{\"added\": {}}]"}}, {"model": "admin.logentry", "pk": 56, "fields": {"action_time": "2020-11-18T22:18:18.734Z", "user": 1, "content_type": 12, "object_id": "30", "object_repr": "Consejos sobre constipación --- Subtópico: Constipación --- Tópico: Incontinencia y Constipación", "action_flag": 1, "change_message": "[{\"added\": {}}]"}}, {"model": "admin.logentry", "pk": 57, "fields": {"action_time": "2020-11-18T22:24:56.097Z", "user": 1, "content_type": 12, "object_id": "13", "object_repr": "Consejos generales para el cuidado de pacientes con demencia --- Subtópico: None --- Tópico: Alteraciones de la Memoria", "action_flag": 2, "change_message": "[{\"changed\": {\"fields\": [\"Subt\\u00f3pico\"]}}]"}}, {"model": "admin.logentry", "pk": 58, "fields": {"action_time": "2020-11-18T22:25:41.735Z", "user": 1, "content_type": 12, "object_id": "14", "object_repr": "Consejos para el manejo de trastornos conductuales --- Subtópico: None --- Tópico: Alteraciones de la Memoria", "action_flag": 2, "change_message": "[{\"changed\": {\"fields\": [\"Subt\\u00f3pico\", \"T\\u00f3pico\"]}}]"}}, {"model": "admin.logentry", "pk": 59, "fields": {"action_time": "2020-11-18T22:26:20.030Z", "user": 1, "content_type": 12, "object_id": "15", "object_repr": "Ejemplos de estrategias para trastornos conductual específicos --- Subtópico: None --- Tópico: Alteraciones de la Memoria", "action_flag": 2, "change_message": "[{\"changed\": {\"fields\": [\"Nombre\", \"Subt\\u00f3pico\"]}}]"}}, {"model": "admin.logentry", "pk": 60, "fields": {"action_time": "2020-11-18T22:26:49.225Z", "user": 1, "content_type": 11, "object_id": "3", "object_repr": "Consejos de cuidados de pacientes con demencia", "action_flag": 3, "change_message": ""}}, {"model": "admin.logentry", "pk": 61, "fields": {"action_time": "2020-11-18T22:29:49.835Z", "user": 1, "content_type": 12, "object_id": "29", "object_repr": "Definición de constipación --- Subtópico: Constipación --- Tópico: Incontinencia y Constipación", "action_flag": 2, "change_message": "[{\"changed\": {\"fields\": [\"Subt\\u00f3pico\"]}}]"}}, {"model": "admin.logentry", "pk": 62, "fields": {"action_time": "2020-11-19T00:28:20.810Z", "user": 1, "content_type": 12, "object_id": "31", "object_repr": "Cambios normales en los huesos --- Subtópico: None --- Tópico: Osteoporosis y Fracturas", "action_flag": 1, "change_message": "[{\"added\": {}}]"}}, {"model": "admin.logentry", "pk": 63, "fields": {"action_time": "2020-11-19T00:28:54.021Z", "user": 1, "content_type": 12, "object_id": "32", "object_repr": "Osteoporosis --- Subtópico: None --- Tópico: Osteoporosis y Fracturas", "action_flag": 1, "change_message": "[{\"added\": {}}]"}}, {"model": "admin.logentry", "pk": 64, "fields": {"action_time": "2020-11-19T00:29:19.142Z", "user": 1, "content_type": 12, "object_id": "33", "object_repr": "Consejos sobre osteoporosis y fracturas --- Subtópico: None --- Tópico: Osteoporosis y Fracturas", "action_flag": 1, "change_message": "[{\"added\": {}}]"}}, {"model": "admin.logentry", "pk": 65, "fields": {"action_time": "2020-11-19T00:30:45.727Z", "user": 1, "content_type": 12, "object_id": "34", "object_repr": "Cambios normales en el peso --- Subtópico: None --- Tópico: Nutrición y Peso", "action_flag": 1, "change_message": "[{\"added\": {}}]"}}, {"model": "admin.logentry", "pk": 66, "fields": {"action_time": "2020-11-19T00:30:56.798Z", "user": 1, "content_type": 12, "object_id": "35", "object_repr": "Evaluación nutricional --- Subtópico: None --- Tópico: Nutrición y Peso", "action_flag": 1, "change_message": "[{\"added\": {}}]"}}, {"model": "admin.logentry", "pk": 67, "fields": {"action_time": "2020-11-19T00:31:13.974Z", "user": 1, "content_type": 12, "object_id": "36", "object_repr": "Obesidad --- Subtópico: None --- Tópico: Nutrición y Peso", "action_flag": 1, "change_message": "[{\"added\": {}}]"}}, {"model": "admin.logentry", "pk": 68, "fields": {"action_time": "2020-11-19T00:31:21.934Z", "user": 1, "content_type": 12, "object_id": "37", "object_repr": "Baja de peso --- Subtópico: None --- Tópico: Nutrición y Peso", "action_flag": 1, "change_message": "[{\"added\": {}}]"}}, {"model": "admin.logentry", "pk": 69, "fields": {"action_time": "2020-11-19T00:31:44.830Z", "user": 1, "content_type": 12, "object_id": "38", "object_repr": "Consejos sobre nutrición y peso --- Subtópico: None --- Tópico: Nutrición y Peso", "action_flag": 1, "change_message": "[{\"added\": {}}]"}}, {"model": "admin.logentry", "pk": 70, "fields": {"action_time": "2020-11-19T00:31:54.253Z", "user": 1, "content_type": 12, "object_id": "39", "object_repr": "Cambios normales con el envejecimiento --- Subtópico: None --- Tópico: Medicamentos", "action_flag": 1, "change_message": "[{\"added\": {}}]"}}, {"model": "admin.logentry", "pk": 71, "fields": {"action_time": "2020-11-19T00:32:20.950Z", "user": 1, "content_type": 12, "object_id": "40", "object_repr": "Consejos sobre los medicamentos --- Subtópico: None --- Tópico: Medicamentos", "action_flag": 1, "change_message": "[{\"added\": {}}]"}}, {"model": "admin.logentry", "pk": 72, "fields": {"action_time": "2020-11-19T00:35:48.337Z", "user": 1, "content_type": 13, "object_id": "6", "object_repr": "Las personas mayores presentan una disminución en la eficacia de su sistema inmune, por lo tanto aumentan los riesgos de desarrollar infecciones. \r\nComo grupo vulnerable se recomiendan las inmunizacio", "action_flag": 1, "change_message": "[{\"added\": {}}]"}}, {"model": "admin.logentry", "pk": 73, "fields": {"action_time": "2020-11-19T00:36:43.314Z", "user": 1, "content_type": 13, "object_id": "5", "object_repr": "Descripción vacunas", "action_flag": 3, "change_message": ""}}, {"model": "admin.logentry", "pk": 74, "fields": {"action_time": "2020-11-19T00:38:31.904Z", "user": 1, "content_type": 13, "object_id": "6", "object_repr": "Las personas mayores presentan una disminución en la eficacia de su sistema inmune, por lo tanto aumentan los riesgos de desarrollar infecciones. \r\nComo grupo vulnerable se recomiendan las inmunizacio", "action_flag": 2, "change_message": "[{\"changed\": {\"fields\": [\"Descripci\\u00f3n\"]}}]"}}, {"model": "admin.logentry", "pk": 75, "fields": {"action_time": "2020-11-19T05:26:48.019Z", "user": 1, "content_type": 9, "object_id": "1", "object_repr": "Pérdida de control emocional", "action_flag": 1, "change_message": "[{\"added\": {}}]"}}, {"model": "admin.logentry", "pk": 76, "fields": {"action_time": "2020-11-19T05:27:03.678Z", "user": 1, "content_type": 9, "object_id": "2", "object_repr": "Desorientación espacio-tiempo", "action_flag": 1, "change_message": "[{\"added\": {}}]"}}, {"model": "admin.logentry", "pk": 77, "fields": {"action_time": "2020-11-19T05:27:12.485Z", "user": 1, "content_type": 9, "object_id": "3", "object_repr": "Pérdida de memoria", "action_flag": 1, "change_message": "[{\"added\": {}}]"}}, {"model": "admin.logentry", "pk": 78, "fields": {"action_time": "2020-11-19T05:27:23.047Z", "user": 1, "content_type": 9, "object_id": "4", "object_repr": "Dolor articular", "action_flag": 1, "change_message": "[{\"added\": {}}]"}}, {"model": "admin.logentry", "pk": 79, "fields": {"action_time": "2020-11-19T05:27:31.103Z", "user": 1, "content_type": 9, "object_id": "5", "object_repr": "Dolor de cabeza", "action_flag": 1, "change_message": "[{\"added\": {}}]"}}, {"model": "admin.logentry", "pk": 80, "fields": {"action_time": "2020-11-20T19:12:21.403Z", "user": 1, "content_type": 10, "object_id": "4", "object_repr": "Alteraciones de la Memoria", "action_flag": 2, "change_message": "[{\"changed\": {\"fields\": [\"Imagen\"]}}]"}}, {"model": "admin.logentry", "pk": 81, "fields": {"action_time": "2020-11-20T19:21:11.496Z", "user": 1, "content_type": 10, "object_id": "4", "object_repr": "Alteraciones de la Memoria", "action_flag": 2, "change_message": "[{\"changed\": {\"fields\": [\"Imagen\"]}}]"}}, {"model": "admin.logentry", "pk": 82, "fields": {"action_time": "2020-11-20T19:48:44.877Z", "user": 1, "content_type": 10, "object_id": "7", "object_repr": "Cambios Psicológicos y Sociales", "action_flag": 2, "change_message": "[{\"changed\": {\"fields\": [\"Imagen\"]}}]"}}, {"model": "admin.logentry", "pk": 83, "fields": {"action_time": "2020-11-20T19:49:54.709Z", "user": 1, "content_type": 10, "object_id": "5", "object_repr": "Funcionalidad y Dependencia", "action_flag": 2, "change_message": "[{\"changed\": {\"fields\": [\"Imagen\"]}}]"}}, {"model": "admin.logentry", "pk": 84, "fields": {"action_time": "2020-11-20T22:15:51.586Z", "user": 1, "content_type": 10, "object_id": "8", "object_repr": "Incontinencia y Constipación", "action_flag": 2, "change_message": "[{\"changed\": {\"fields\": [\"Imagen\"]}}]"}}, {"model": "admin.logentry", "pk": 85, "fields": {"action_time": "2020-11-20T22:16:00.623Z", "user": 1, "content_type": 10, "object_id": "1", "object_repr": "Marchas y Caídas", "action_flag": 2, "change_message": "[{\"changed\": {\"fields\": [\"Imagen\"]}}]"}}, {"model": "admin.logentry", "pk": 86, "fields": {"action_time": "2020-11-20T22:16:08.643Z", "user": 1, "content_type": 10, "object_id": "11", "object_repr": "Medicamentos", "action_flag": 2, "change_message": "[{\"changed\": {\"fields\": [\"Imagen\"]}}]"}}, {"model": "admin.logentry", "pk": 87, "fields": {"action_time": "2020-11-20T22:16:17.502Z", "user": 1, "content_type": 10, "object_id": "10", "object_repr": "Nutrición y Peso", "action_flag": 2, "change_message": "[{\"changed\": {\"fields\": [\"Imagen\"]}}]"}}, {"model": "admin.logentry", "pk": 88, "fields": {"action_time": "2020-11-20T22:16:28.537Z", "user": 1, "content_type": 10, "object_id": "9", "object_repr": "Osteoporosis y Fracturas", "action_flag": 2, "change_message": "[{\"changed\": {\"fields\": [\"Imagen\"]}}]"}}, {"model": "admin.logentry", "pk": 89, "fields": {"action_time": "2020-11-20T22:16:39.154Z", "user": 1, "content_type": 10, "object_id": "2", "object_repr": "Sueño", "action_flag": 2, "change_message": "[{\"changed\": {\"fields\": [\"Imagen\"]}}]"}}, {"model": "admin.logentry", "pk": 90, "fields": {"action_time": "2020-11-20T22:16:48.741Z", "user": 1, "content_type": 10, "object_id": "3", "object_repr": "Vacunas", "action_flag": 2, "change_message": "[{\"changed\": {\"fields\": [\"Imagen\"]}}]"}}, {"model": "admin.logentry", "pk": 91, "fields": {"action_time": "2020-11-20T22:16:56.723Z", "user": 1, "content_type": 10, "object_id": "6", "object_repr": "Visión y Audición", "action_flag": 2, "change_message": "[{\"changed\": {\"fields\": [\"Imagen\"]}}]"}}, {"model": "admin.logentry", "pk": 92, "fields": {"action_time": "2020-11-21T04:32:13.359Z", "user": 1, "content_type": 11, "object_id": "1", "object_repr": "Cambios normales en la marcha", "action_flag": 2, "change_message": "[{\"changed\": {\"fields\": [\"Imagen\"]}}]"}}, {"model": "admin.logentry", "pk": 93, "fields": {"action_time": "2020-11-21T04:33:38.530Z", "user": 1, "content_type": 11, "object_id": "2", "object_repr": "Caídas", "action_flag": 2, "change_message": "[{\"changed\": {\"fields\": [\"Imagen\"]}}]"}}, {"model": "admin.logentry", "pk": 94, "fields": {"action_time": "2020-11-21T04:45:44.730Z", "user": 1, "content_type": 11, "object_id": "6", "object_repr": "Constipación", "action_flag": 2, "change_message": "[{\"changed\": {\"fields\": [\"Imagen\"]}}]"}}, {"model": "admin.logentry", "pk": 95, "fields": {"action_time": "2020-11-21T04:45:53.955Z", "user": 1, "content_type": 11, "object_id": "5", "object_repr": "Incontinencia fecal", "action_flag": 2, "change_message": "[{\"changed\": {\"fields\": [\"Imagen\"]}}]"}}, {"model": "admin.logentry", "pk": 96, "fields": {"action_time": "2020-11-21T04:46:02.114Z", "user": 1, "content_type": 11, "object_id": "4", "object_repr": "Incontinencia urinaria", "action_flag": 2, "change_message": "[{\"changed\": {\"fields\": [\"Imagen\"]}}]"}}, {"model": "admin.logentry", "pk": 97, "fields": {"action_time": "2020-11-22T05:12:29.077Z", "user": 1, "content_type": 12, "object_id": "15", "object_repr": "Ejemplos de estrategias para trastornos conductual específicos --- Subtópico: None --- Tópico: Alteraciones de la Memoria", "action_flag": 2, "change_message": "[{\"changed\": {\"fields\": [\"Imagen\"]}}]"}}, {"model": "admin.logentry", "pk": 98, "fields": {"action_time": "2020-11-22T05:16:18.379Z", "user": 1, "content_type": 12, "object_id": "14", "object_repr": "Consejos para el manejo de trastornos conductuales --- Subtópico: None --- Tópico: Alteraciones de la Memoria", "action_flag": 2, "change_message": "[{\"changed\": {\"fields\": [\"Imagen\"]}}]"}}, {"model": "admin.logentry", "pk": 99, "fields": {"action_time": "2020-11-22T05:18:40.205Z", "user": 1, "content_type": 12, "object_id": "13", "object_repr": "Consejos generales para el cuidado de pacientes con demencia --- Subtópico: None --- Tópico: Alteraciones de la Memoria", "action_flag": 2, "change_message": "[{\"changed\": {\"fields\": [\"Imagen\"]}}]"}}, {"model": "admin.logentry", "pk": 100, "fields": {"action_time": "2020-11-22T05:21:30.155Z", "user": 1, "content_type": 12, "object_id": "12", "object_repr": "Trastornos conductuales asociados a demencias --- Subtópico: None --- Tópico: Alteraciones de la Memoria", "action_flag": 2, "change_message": "[{\"changed\": {\"fields\": [\"Imagen\"]}}]"}}, {"model": "admin.logentry", "pk": 101, "fields": {"action_time": "2020-11-22T05:22:08.373Z", "user": 1, "content_type": 12, "object_id": "11", "object_repr": "Demencias --- Subtópico: None --- Tópico: Alteraciones de la Memoria", "action_flag": 2, "change_message": "[{\"changed\": {\"fields\": [\"Imagen\"]}}]"}}, {"model": "admin.logentry", "pk": 102, "fields": {"action_time": "2020-11-22T05:24:08.804Z", "user": 1, "content_type": 12, "object_id": "10", "object_repr": "Cambios normales en la memoria --- Subtópico: None --- Tópico: Alteraciones de la Memoria", "action_flag": 2, "change_message": "[{\"changed\": {\"fields\": [\"Imagen\"]}}]"}}, {"model": "admin.logentry", "pk": 103, "fields": {"action_time": "2020-11-22T20:41:31.757Z", "user": 1, "content_type": 13, "object_id": "4", "object_repr": "Existen cambios propios del envejecimiento que alteran la estabilidad de la marcha, aumentando el riesgo de caídas. \r\nDentro de estos cambios se encuentran:\r\nDisminución de la velocidad de la marcha d", "action_flag": 2, "change_message": "[{\"changed\": {\"fields\": [\"Descripci\\u00f3n\"]}}]"}}, {"model": "admin.logentry", "pk": 104, "fields": {"action_time": "2020-11-22T20:42:51.640Z", "user": 1, "content_type": 13, "object_id": "1", "object_repr": "En general, una caída se produce por la suma de múltiples factores, tanto del paciente como del ambiente, mientras más factores de riesgo existan, mayores serán las posibilidades de caída.\r\nEntre esto", "action_flag": 2, "change_message": "[{\"changed\": {\"fields\": [\"Descripci\\u00f3n\"]}}]"}}, {"model": "admin.logentry", "pk": 105, "fields": {"action_time": "2020-11-22T23:18:48.596Z", "user": 1, "content_type": 13, "object_id": "4", "object_repr": "<p>Existen cambios propios del envejecimiento que alteran la estabilidad de la marcha, aumentando el riesgo de ca&iacute;das. Dentro de estos cambios se encuentran:</p>\r\n\r\n<p>&bull; Disminuci&oacute;n", "action_flag": 2, "change_message": "[{\"changed\": {\"fields\": [\"Descripci\\u00f3n\"]}}]"}}, {"model": "admin.logentry", "pk": 106, "fields": {"action_time": "2020-11-22T23:27:00.951Z", "user": 1, "content_type": 13, "object_id": "4", "object_repr": "<p>Existen cambios propios del envejecimiento que alteran la estabilidad de la marcha, aumentando el riesgo de ca&iacute;das. Dentro de estos cambios se encuentran:</p>\r\n\r\n<ul>\r\n\t<li>Disminuci&oacute;", "action_flag": 2, "change_message": "[{\"changed\": {\"fields\": [\"Descripci\\u00f3n\"]}}]"}}, {"model": "admin.logentry", "pk": 107, "fields": {"action_time": "2020-11-22T23:44:02.802Z", "user": 1, "content_type": 13, "object_id": "1", "object_repr": "<p>En general, una ca&iacute;da se produce por la suma de m&uacute;ltiples factores, tanto del paciente como del ambiente, mientras m&aacute;s factores de riesgo existan, mayores ser&aacute;n las posi", "action_flag": 2, "change_message": "[{\"changed\": {\"fields\": [\"Descripci\\u00f3n\"]}}]"}}, {"model": "admin.logentry", "pk": 108, "fields": {"action_time": "2020-11-22T23:57:19.366Z", "user": 1, "content_type": 13, "object_id": "1", "object_repr": "<p>En general, una ca&iacute;da se produce por la suma de m&uacute;ltiples factores, tanto del paciente como del ambiente, mientras m&aacute;s factores de riesgo existan, mayores ser&aacute;n las posi", "action_flag": 2, "change_message": "[{\"changed\": {\"fields\": [\"Descripci\\u00f3n\"]}}]"}}, {"model": "admin.logentry", "pk": 109, "fields": {"action_time": "2020-11-23T00:00:15.036Z", "user": 1, "content_type": 13, "object_id": "2", "object_repr": "<ul>\r\n\t<li>Las ca&iacute;das son muy frecuentes en los mayores de 65 a&ntilde;os.</li>\r\n\t<li>Generalmente ocurren en el hogar y los pacientes no consultan al m&eacute;dico.&nbsp;</li>\r\n\t<li>Una ca&iac", "action_flag": 2, "change_message": "[{\"changed\": {\"fields\": [\"Descripci\\u00f3n\"]}}]"}}, {"model": "admin.logentry", "pk": 110, "fields": {"action_time": "2020-11-23T00:01:09.119Z", "user": 1, "content_type": 13, "object_id": "2", "object_repr": "<ul>\r\n\t<li>Las ca&iacute;das son muy frecuentes en los mayores de 65 a&ntilde;os.</li>\r\n\t<li>Generalmente ocurren en el hogar y los pacientes no consultan al m&eacute;dico.&nbsp;</li>\r\n\t<li>Una ca&iac", "action_flag": 2, "change_message": "[{\"changed\": {\"fields\": [\"Descripci\\u00f3n\"]}}]"}}, {"model": "admin.logentry", "pk": 111, "fields": {"action_time": "2020-11-23T00:06:18.942Z", "user": 1, "content_type": 13, "object_id": "3", "object_repr": "<p>Para prevenir las ca&iacute;das se aconseja:</p>\r\n\r\n<ul>\r\n\t<li>Una rutina de ejercicios: Esto debe ser indicado por el m&eacute;dico y realizada por un kinesi&oacute;logo. Tambi&eacute;n se puede r", "action_flag": 2, "change_message": "[{\"changed\": {\"fields\": [\"Descripci\\u00f3n\"]}}]"}}, {"model": "admin.logentry", "pk": 112, "fields": {"action_time": "2020-11-23T00:12:42.967Z", "user": 1, "content_type": 13, "object_id": "7", "object_repr": "<ul>\r\n\t<li>Es importante saber que los problemas del sue&ntilde;o no son inherentes al proceso de envejecimiento.&nbsp;</li>\r\n\t<li>Muchos adultos mayores tienen buena calidad de sue&ntilde;o hasta el ", "action_flag": 1, "change_message": "[{\"added\": {}}]"}}, {"model": "admin.logentry", "pk": 113, "fields": {"action_time": "2020-11-23T00:23:32.330Z", "user": 1, "content_type": 13, "object_id": "8", "object_repr": "<ul>\r\n\t<li>Es importante que como cuidador est&eacute; atento a si las dificultades del sue&ntilde;o interfieren en las actividades del d&iacute;a a d&iacute;a del adulto mayor.&nbsp;</li>\r\n\t<li>Si es", "action_flag": 1, "change_message": "[{\"added\": {}}]"}}, {"model": "admin.logentry", "pk": 114, "fields": {"action_time": "2020-11-23T00:28:52.362Z", "user": 1, "content_type": 13, "object_id": "9", "object_repr": "<p>Intente que el adulto mayor tome estas precauciones:</p>\r\n\r\n<ul>\r\n\t<li>Acostarse &uacute;nicamente si tiene sue&ntilde;o.&nbsp;</li>\r\n\t<li>Evitar la cafe&iacute;na y el alcohol, por lo menos durant", "action_flag": 1, "change_message": "[{\"added\": {}}]"}}, {"model": "admin.logentry", "pk": 115, "fields": {"action_time": "2020-11-23T00:46:41.048Z", "user": 1, "content_type": 13, "object_id": "10", "object_repr": "<ul>\r\n\t<li>Las quejas de memoria son frecuentes en las personas mayores, pero en la mayor&iacute;a no son reflejo de una enfermedad, sino que son parte normal del proceso de envejecimiento.</li>\r\n\t<li", "action_flag": 1, "change_message": "[{\"added\": {}}]"}}, {"model": "admin.logentry", "pk": 116, "fields": {"action_time": "2020-11-23T00:54:01.313Z", "user": 1, "content_type": 13, "object_id": "11", "object_repr": "<ul>\r\n\t<li>Las demencias son un grupo de enfermedades en que hay una disminuci&oacute;n en uno o m&aacute;s dominios cognitivos.&nbsp;</li>\r\n\t<li>El dominio m&aacute;s frecuentemente afectado es la me", "action_flag": 1, "change_message": "[{\"added\": {}}]"}}, {"model": "admin.logentry", "pk": 117, "fields": {"action_time": "2020-11-23T03:21:39.990Z", "user": 1, "content_type": 13, "object_id": "12", "object_repr": "<ul>\r\n\t<li>Cuando un paciente tiene una demencia puede desarrollar, en cualquier momento de la enfermedad, algunos s&iacute;ntomas.&nbsp;</li>\r\n\t<li>Estos s&iacute;ntomas pueden alterar el &aacute;nim", "action_flag": 1, "change_message": "[{\"added\": {}}]"}}, {"model": "admin.logentry", "pk": 118, "fields": {"action_time": "2020-11-23T03:25:15.926Z", "user": 1, "content_type": 13, "object_id": "13", "object_repr": "<ul>\r\n\t<li>La educaci&oacute;n a los cuidadores y a quienes rodean al paciente con demencia es fundamental.&nbsp;</li>\r\n\t<li>Es necesario entender que la persona mayor act&uacute;a as&iacute; por culp", "action_flag": 1, "change_message": "[{\"added\": {}}]"}}, {"model": "admin.logentry", "pk": 119, "fields": {"action_time": "2020-11-23T03:28:48.011Z", "user": 1, "content_type": 13, "object_id": "14", "object_repr": "<ul>\r\n\t<li>Los pacientes que sufren de alguna demencia deben tener evaluaciones peri&oacute;dicas con un equipo multidisciplinario (m&eacute;dico, terapeutas ocupacionales, psic&oacute;logos, kinesi&o", "action_flag": 1, "change_message": "[{\"added\": {}}]"}}, {"model": "admin.logentry", "pk": 120, "fields": {"action_time": "2020-11-23T03:31:40.853Z", "user": 1, "content_type": 13, "object_id": "15", "object_repr": "<p>A continuaci&oacute;n le presentar&eacute; algunos ejemplos de conductas con las que quiz&aacute;s deba tratar, y c&oacute;mo puede enfrentarse a ellas.&nbsp;</p>\r\n\r\n<ul>\r\n\t<li>El paciente escucha ", "action_flag": 1, "change_message": "[{\"added\": {}}]"}}, {"model": "admin.logentry", "pk": 121, "fields": {"action_time": "2020-11-23T03:38:10.181Z", "user": 1, "content_type": 13, "object_id": "16", "object_repr": "<ul>\r\n\t<li>Una persona es dependiente cuando:&nbsp;\r\n\t<ul>\r\n\t\t<li>Requiere de los cuidados y atenciones de otra de forma m&aacute;s o menos continuada.&nbsp;</li>\r\n\t\t<li>O requiere ayudas t&eacute;cni", "action_flag": 1, "change_message": "[{\"added\": {}}]"}}, {"model": "admin.logentry", "pk": 122, "fields": {"action_time": "2020-11-23T03:40:25.872Z", "user": 1, "content_type": 13, "object_id": "17", "object_repr": "<ul>\r\n\t<li>Para entender c&oacute;mo se mide la dependencia, hay que comprender lo que significa el t&eacute;rmino funcionalidad.&nbsp;</li>\r\n\t<li>La funcionalidad es la capacidad para realizar por s&", "action_flag": 1, "change_message": "[{\"added\": {}}]"}}, {"model": "admin.logentry", "pk": 123, "fields": {"action_time": "2020-11-23T03:41:48.880Z", "user": 1, "content_type": 13, "object_id": "18", "object_repr": "<p>Algunas de las conductas que pueden favorecer la dependencia son:</p>\r\n\r\n<ul>\r\n\t<li>Realizar cosas por ellos que a&uacute;n son capaces de hacer, aunque sea de manera parcial.&nbsp;</li>\r\n\t<li>Por ", "action_flag": 1, "change_message": "[{\"added\": {}}]"}}, {"model": "admin.logentry", "pk": 124, "fields": {"action_time": "2020-11-23T03:44:01.178Z", "user": 1, "content_type": 13, "object_id": "19", "object_repr": "<ul>\r\n\t<li>Para prevenir la dependencia es importante optimizar la capacidad f&iacute;sica y mental de un individuo.&nbsp;</li>\r\n\t<li>En este punto han demostrado beneficios el realizar ejercicio de m", "action_flag": 1, "change_message": "[{\"added\": {}}]"}}, {"model": "admin.logentry", "pk": 125, "fields": {"action_time": "2020-11-23T03:48:15.359Z", "user": 1, "content_type": 13, "object_id": "20", "object_repr": "<ul>\r\n\t<li>Es frecuente que las personas mayores tengan problemas con la visi&oacute;n. Esto conlleva a limitar su funcionamiento y afectar su seguridad.&nbsp;</li>\r\n\t<li>Los adultos mayores tienen ma", "action_flag": 1, "change_message": "[{\"added\": {}}]"}}, {"model": "admin.logentry", "pk": 126, "fields": {"action_time": "2020-11-23T03:50:05.764Z", "user": 1, "content_type": 13, "object_id": "21", "object_repr": "<ul>\r\n\t<li>Reconozca si la persona a su cuidado comienza a perder la capacidad visual para llevarla a un control con un oftalm&oacute;logo. Adem&aacute;s se sugiere realizar un chequeo a la vista sobr", "action_flag": 1, "change_message": "[{\"added\": {}}]"}}, {"model": "admin.logentry", "pk": 127, "fields": {"action_time": "2020-11-23T03:52:10.893Z", "user": 1, "content_type": 13, "object_id": "22", "object_repr": "<ul>\r\n\t<li>A medida que se envejece, las personas presentan una mejor capacidad para manejar sus emociones, son m&aacute;s positivos y aceptan de forma m&aacute;s r&aacute;pida lo que les ocurre en la", "action_flag": 1, "change_message": "[{\"added\": {}}]"}}, {"model": "admin.logentry", "pk": 128, "fields": {"action_time": "2020-11-23T03:54:56.154Z", "user": 1, "content_type": 13, "object_id": "23", "object_repr": "<ul>\r\n\t<li>&nbsp;La depresi&oacute;n es una enfermedad frecuente en las personas mayores.&nbsp;</li>\r\n\t<li>La edad no es el factor &uacute;nico relacionado con el aumento de la prevalencia de depresi&", "action_flag": 1, "change_message": "[{\"added\": {}}]"}}, {"model": "admin.logentry", "pk": 129, "fields": {"action_time": "2020-11-23T04:02:18.994Z", "user": 1, "content_type": 13, "object_id": "24", "object_repr": "<ul>\r\n\t<li>Incentive a la persona mayor a que realice por si misma aquellas actividades que sea capaz de llevar cabo.&nbsp;</li>\r\n\t<li>Mantenga siempre al alcance de la persona que cuida los dispositi", "action_flag": 1, "change_message": "[{\"added\": {}}]"}}, {"model": "admin.logentry", "pk": 130, "fields": {"action_time": "2020-11-23T04:07:52.386Z", "user": 1, "content_type": 13, "object_id": "25", "object_repr": "<ul>\r\n\t<li>La incontinencia urinaria se refiere a cuando una persona tiene p&eacute;rdidas de orina o pierde el control de su vejiga.&nbsp;</li>\r\n\t<li>Es un problema com&uacute;n en los adultos mayore", "action_flag": 1, "change_message": "[{\"added\": {}}]"}}, {"model": "admin.logentry", "pk": 131, "fields": {"action_time": "2020-11-23T04:09:29.190Z", "user": 1, "content_type": 13, "object_id": "26", "object_repr": "<ul>\r\n\t<li>Ya que la incontinencia no es normal, debe siempre consultar con su m&eacute;dico.&nbsp;</li>\r\n\t<li>Eventualmente este pedir&aacute; algunos ex&aacute;menes e indicar&aacute;, en caso que l", "action_flag": 1, "change_message": "[{\"added\": {}}]"}}, {"model": "admin.logentry", "pk": 132, "fields": {"action_time": "2020-11-23T04:10:45.379Z", "user": 1, "content_type": 13, "object_id": "27", "object_repr": "<ul>\r\n\t<li>La incontinencia fecal se refiere a cuando una persona pierde el control de sus evacuaciones.&nbsp;</li>\r\n\t<li>Las p&eacute;rdidas pueden ser s&oacute;lidas o l&iacute;quidas. Tambi&eacute;", "action_flag": 1, "change_message": "[{\"added\": {}}]"}}, {"model": "admin.logentry", "pk": 133, "fields": {"action_time": "2020-11-23T04:11:51.728Z", "user": 1, "content_type": 13, "object_id": "28", "object_repr": "<ul>\r\n\t<li>Ya que la incontinencia fecal no es normal, debe dec&iacute;rselo al m&eacute;dico.&nbsp;</li>\r\n\t<li>A veces existe temor y verg&uuml;enza para mencionarlo, pero debe recordar que es un pro", "action_flag": 1, "change_message": "[{\"added\": {}}]"}}, {"model": "admin.logentry", "pk": 134, "fields": {"action_time": "2020-11-23T04:14:09.692Z", "user": 1, "content_type": 13, "object_id": "29", "object_repr": "<ul>\r\n\t<li>La constipaci&oacute;n o dificultad para obtener deposiciones es un problema frecuente en los adultos mayores.&nbsp;</li>\r\n\t<li>Generalmente tiene m&uacute;ltiples causas y puede llegar a p", "action_flag": 1, "change_message": "[{\"added\": {}}]"}}, {"model": "admin.logentry", "pk": 135, "fields": {"action_time": "2020-11-23T04:15:16.440Z", "user": 1, "content_type": 13, "object_id": "30", "object_repr": "<ul>\r\n\t<li>Si bien la constipaci&oacute;n es un problema frecuente en las personas mayores, debe ser siempre informada al m&eacute;dico.&nbsp;</li>\r\n\t<li>A trav&eacute;s de algunos ex&aacute;menes, el", "action_flag": 1, "change_message": "[{\"added\": {}}]"}}, {"model": "admin.logentry", "pk": 136, "fields": {"action_time": "2020-11-23T04:17:54.210Z", "user": 1, "content_type": 13, "object_id": "31", "object_repr": "<ul>\r\n\t<li>Despu&eacute;s de alcanzar en la tercera d&eacute;cada el m&aacute;ximo de masa &oacute;sea, se produce una disminuci&oacute;n progresiva en esta, la que es m&aacute;s acelerada en las muje", "action_flag": 1, "change_message": "[{\"added\": {}}]"}}, {"model": "admin.logentry", "pk": 137, "fields": {"action_time": "2020-11-23T04:18:46.375Z", "user": 1, "content_type": 13, "object_id": "32", "object_repr": "<ul>\r\n\t<li>La osteoporosis es una enfermedad donde se debilitan los huesos, y por lo tanto aumentan el riesgo de quebrarse con traumatismos menores que los huesos sanos.&nbsp;</li>\r\n\t<li>Fracturarse u", "action_flag": 1, "change_message": "[{\"added\": {}}]"}}, {"model": "admin.logentry", "pk": 138, "fields": {"action_time": "2020-11-23T04:19:47.892Z", "user": 1, "content_type": 13, "object_id": "33", "object_repr": "<p>Como cuidador, le sugiero tomar las siguientes acciones:</p>\r\n\r\n<ul>\r\n\t<li>Fomentar la actividad f&iacute;sica en los adultos mayores.&nbsp;</li>\r\n\t<li>El tabaco es perjudicial para los huesos, por", "action_flag": 1, "change_message": "[{\"added\": {}}]"}}, {"model": "admin.logentry", "pk": 139, "fields": {"action_time": "2020-11-23T04:53:00.746Z", "user": 1, "content_type": 13, "object_id": "34", "object_repr": "<ul>\r\n\t<li>&nbsp;La edad se asocia a cambios en la composici&oacute;n del cuerpo, como la disminuci&oacute;n de la masa de los huesos y de los m&uacute;sculos, la disminuci&oacute;n del agua y el aume", "action_flag": 1, "change_message": "[{\"added\": {}}]"}}, {"model": "admin.logentry", "pk": 140, "fields": {"action_time": "2020-11-23T04:58:09.941Z", "user": 1, "content_type": 13, "object_id": "35", "object_repr": "<ul>\r\n\t<li>El equipo de salud (m&eacute;dico, nutricionista) puede realizar una evaluaci&oacute;n nutricional al adulto mayor.&nbsp;</li>\r\n\t<li>En esta evaluaci&oacute;n tomar&aacute;n medidas como el", "action_flag": 1, "change_message": "[{\"added\": {}}]"}}, {"model": "admin.logentry", "pk": 141, "fields": {"action_time": "2020-11-23T04:58:56.379Z", "user": 1, "content_type": 13, "object_id": "36", "object_repr": "<ul>\r\n\t<li>En las personas mayores se es un poco m&aacute;s permisivo con el peso que en las personas m&aacute;s j&oacute;venes.&nbsp;</li>\r\n\t<li>Se debe promover un peso saludable a trav&eacute;s de ", "action_flag": 1, "change_message": "[{\"added\": {}}]"}}, {"model": "admin.logentry", "pk": 142, "fields": {"action_time": "2020-11-23T05:00:23.167Z", "user": 1, "content_type": 13, "object_id": "37", "object_repr": "<ul>\r\n\t<li>Bajar de peso de forma involuntaria no es normal, se asocia a mayor mortalidad y mayor frecuencia de enfermedades, por lo tanto debe siempre ser estudiada por un profesional.</li>\r\n\t<li>En ", "action_flag": 1, "change_message": "[{\"added\": {}}]"}}, {"model": "admin.logentry", "pk": 143, "fields": {"action_time": "2020-11-23T05:02:26.558Z", "user": 1, "content_type": 13, "object_id": "38", "object_repr": "<ul>\r\n\t<li>Algunas gu&iacute;as sobre c&oacute;mo controlar la nutrici&oacute;n del adulto mayor son:\r\n\t<ul>\r\n\t\t<li>Distribuir las comidas en al menos 4 comidas diarias (cantidades peque&ntilde;as per", "action_flag": 1, "change_message": "[{\"added\": {}}]"}}, {"model": "admin.logentry", "pk": 144, "fields": {"action_time": "2020-11-23T05:03:30.788Z", "user": 1, "content_type": 13, "object_id": "39", "object_repr": "<ul>\r\n\t<li>En las personas mayores se produce una disminuci&oacute;n del funcionamiento de los ri&ntilde;ones.&nbsp;</li>\r\n\t<li>En general esto no produce mayores problemas, salvo en situaciones en qu", "action_flag": 1, "change_message": "[{\"added\": {}}]"}}, {"model": "admin.logentry", "pk": 145, "fields": {"action_time": "2020-11-23T05:04:54.995Z", "user": 1, "content_type": 13, "object_id": "40", "object_repr": "<ul>\r\n\t<li>Tenga en cuenta lo siguiente:</li>\r\n\t<li>Siempre recordar que algunas medicinas que son seguras en adultos j&oacute;venes, son peligrosas para las personas mayores, por lo que NO DEBE AUTOM", "action_flag": 1, "change_message": "[{\"added\": {}}]"}}, {"model": "admin.logentry", "pk": 146, "fields": {"action_time": "2020-11-23T05:12:59.990Z", "user": 1, "content_type": 12, "object_id": "22", "object_repr": "Cambios que vive una persona mayor --- Subtópico: None --- Tópico: Cambios Psicológicos y Sociales", "action_flag": 2, "change_message": "[{\"changed\": {\"fields\": [\"Imagen\"]}}]"}}, {"model": "admin.logentry", "pk": 147, "fields": {"action_time": "2020-11-23T05:16:44.377Z", "user": 1, "content_type": 12, "object_id": "23", "object_repr": "Enfermedades de salud mental --- Subtópico: None --- Tópico: Cambios Psicológicos y Sociales", "action_flag": 2, "change_message": "[{\"changed\": {\"fields\": [\"Imagen\"]}}]"}}, {"model": "admin.logentry", "pk": 148, "fields": {"action_time": "2020-11-23T05:16:55.903Z", "user": 1, "content_type": 12, "object_id": "24", "object_repr": "Consejos sobre cambios psicológicos y sociales --- Subtópico: None --- Tópico: Cambios Psicológicos y Sociales", "action_flag": 2, "change_message": "[{\"changed\": {\"fields\": [\"Imagen\"]}}]"}}, {"model": "admin.logentry", "pk": 149, "fields": {"action_time": "2020-11-23T05:22:05.222Z", "user": 1, "content_type": 12, "object_id": "16", "object_repr": "¿Cuándo una persona es dependiente? --- Subtópico: None --- Tópico: Funcionalidad y Dependencia", "action_flag": 2, "change_message": "[{\"changed\": {\"fields\": [\"Imagen\"]}}]"}}, {"model": "admin.logentry", "pk": 150, "fields": {"action_time": "2020-11-23T05:29:56.230Z", "user": 1, "content_type": 12, "object_id": "17", "object_repr": "Medición de la dependencia --- Subtópico: None --- Tópico: Funcionalidad y Dependencia", "action_flag": 2, "change_message": "[{\"changed\": {\"fields\": [\"Imagen\"]}}]"}}, {"model": "admin.logentry", "pk": 151, "fields": {"action_time": "2020-11-23T05:32:18.965Z", "user": 1, "content_type": 12, "object_id": "18", "object_repr": "Conductas de cuidadores que favorecen la dependencia --- Subtópico: None --- Tópico: Funcionalidad y Dependencia", "action_flag": 2, "change_message": "[{\"changed\": {\"fields\": [\"Imagen\"]}}]"}}, {"model": "admin.logentry", "pk": 152, "fields": {"action_time": "2020-11-23T05:33:25.832Z", "user": 1, "content_type": 12, "object_id": "19", "object_repr": "Consejos para prevenir y manejar la dependencia --- Subtópico: None --- Tópico: Funcionalidad y Dependencia", "action_flag": 2, "change_message": "[{\"changed\": {\"fields\": [\"Imagen\"]}}]"}}, {"model": "admin.logentry", "pk": 153, "fields": {"action_time": "2020-11-23T05:37:03.187Z", "user": 1, "content_type": 11, "object_id": "4", "object_repr": "Incontinencia urinaria", "action_flag": 2, "change_message": "[{\"changed\": {\"fields\": [\"Imagen\"]}}]"}}, {"model": "admin.logentry", "pk": 154, "fields": {"action_time": "2020-11-23T05:41:21.504Z", "user": 1, "content_type": 12, "object_id": "39", "object_repr": "Cambios normales con el envejecimiento --- Subtópico: None --- Tópico: Medicamentos", "action_flag": 2, "change_message": "[{\"changed\": {\"fields\": [\"Imagen\"]}}]"}}, {"model": "admin.logentry", "pk": 155, "fields": {"action_time": "2020-11-23T05:43:02.110Z", "user": 1, "content_type": 12, "object_id": "40", "object_repr": "Consejos sobre los medicamentos --- Subtópico: None --- Tópico: Medicamentos", "action_flag": 2, "change_message": "[{\"changed\": {\"fields\": [\"Imagen\"]}}]"}}, {"model": "admin.logentry", "pk": 156, "fields": {"action_time": "2020-11-23T05:51:53.637Z", "user": 1, "content_type": 12, "object_id": "20", "object_repr": "Cambios normales en la visión y audición --- Subtópico: None --- Tópico: Visión y Audición", "action_flag": 2, "change_message": "[{\"changed\": {\"fields\": [\"Imagen\"]}}]"}}, {"model": "admin.logentry", "pk": 157, "fields": {"action_time": "2020-11-23T05:56:35.795Z", "user": 1, "content_type": 12, "object_id": "21", "object_repr": "Consejos sobre visión y audición --- Subtópico: None --- Tópico: Visión y Audición", "action_flag": 2, "change_message": "[{\"changed\": {\"fields\": [\"Imagen\"]}}]"}}, {"model": "admin.logentry", "pk": 158, "fields": {"action_time": "2020-11-23T06:08:14.326Z", "user": 1, "content_type": 12, "object_id": "4", "object_repr": "Cambios normales en el sueño --- Subtópico: None --- Tópico: Sueño", "action_flag": 2, "change_message": "[{\"changed\": {\"fields\": [\"Imagen\"]}}]"}}, {"model": "admin.logentry", "pk": 159, "fields": {"action_time": "2020-11-23T06:10:34.432Z", "user": 1, "content_type": 12, "object_id": "5", "object_repr": "Enfermedades del sueño --- Subtópico: None --- Tópico: Sueño", "action_flag": 2, "change_message": "[{\"changed\": {\"fields\": [\"Imagen\"]}}]"}}, {"model": "admin.logentry", "pk": 160, "fields": {"action_time": "2020-11-23T06:12:42.972Z", "user": 1, "content_type": 12, "object_id": "6", "object_repr": "Consejos para mejorar el sueño --- Subtópico: None --- Tópico: Sueño", "action_flag": 2, "change_message": "[{\"changed\": {\"fields\": [\"Imagen\"]}}]"}}, {"model": "admin.logentry", "pk": 161, "fields": {"action_time": "2020-11-23T06:16:14.405Z", "user": 1, "content_type": 12, "object_id": "31", "object_repr": "Cambios normales en los huesos --- Subtópico: None --- Tópico: Osteoporosis y Fracturas", "action_flag": 2, "change_message": "[{\"changed\": {\"fields\": [\"Imagen\"]}}]"}}, {"model": "admin.logentry", "pk": 162, "fields": {"action_time": "2020-11-23T06:18:03.472Z", "user": 1, "content_type": 12, "object_id": "32", "object_repr": "Osteoporosis --- Subtópico: None --- Tópico: Osteoporosis y Fracturas", "action_flag": 2, "change_message": "[{\"changed\": {\"fields\": [\"Imagen\"]}}]"}}, {"model": "admin.logentry", "pk": 163, "fields": {"action_time": "2020-11-23T06:20:49.631Z", "user": 1, "content_type": 12, "object_id": "33", "object_repr": "Consejos sobre osteoporosis y fracturas --- Subtópico: None --- Tópico: Osteoporosis y Fracturas", "action_flag": 2, "change_message": "[{\"changed\": {\"fields\": [\"Imagen\"]}}]"}}, {"model": "admin.logentry", "pk": 164, "fields": {"action_time": "2020-11-23T06:23:55.751Z", "user": 1, "content_type": 12, "object_id": "3", "object_repr": "Consejos para prevenir caídas --- Subtópico: Caídas --- Tópico: Marchas y Caídas", "action_flag": 2, "change_message": "[{\"changed\": {\"fields\": [\"Imagen\"]}}]"}}, {"model": "admin.logentry", "pk": 165, "fields": {"action_time": "2020-11-23T06:28:20.607Z", "user": 1, "content_type": 12, "object_id": "34", "object_repr": "Cambios normales en el peso --- Subtópico: None --- Tópico: Nutrición y Peso", "action_flag": 2, "change_message": "[{\"changed\": {\"fields\": [\"Imagen\"]}}]"}}, {"model": "admin.logentry", "pk": 166, "fields": {"action_time": "2020-11-23T06:30:20.932Z", "user": 1, "content_type": 12, "object_id": "35", "object_repr": "Evaluación nutricional --- Subtópico: None --- Tópico: Nutrición y Peso", "action_flag": 2, "change_message": "[{\"changed\": {\"fields\": [\"Imagen\"]}}]"}}, {"model": "admin.logentry", "pk": 167, "fields": {"action_time": "2020-11-23T06:33:19.536Z", "user": 1, "content_type": 12, "object_id": "36", "object_repr": "Obesidad --- Subtópico: None --- Tópico: Nutrición y Peso", "action_flag": 2, "change_message": "[{\"changed\": {\"fields\": [\"Imagen\"]}}]"}}, {"model": "admin.logentry", "pk": 168, "fields": {"action_time": "2020-11-23T06:34:10.905Z", "user": 1, "content_type": 12, "object_id": "36", "object_repr": "Obesidad --- Subtópico: None --- Tópico: Nutrición y Peso", "action_flag": 2, "change_message": "[]"}}, {"model": "admin.logentry", "pk": 169, "fields": {"action_time": "2020-11-23T06:34:29.202Z", "user": 1, "content_type": 12, "object_id": "36", "object_repr": "Obesidad --- Subtópico: None --- Tópico: Nutrición y Peso", "action_flag": 2, "change_message": "[{\"changed\": {\"fields\": [\"Imagen\"]}}]"}}, {"model": "admin.logentry", "pk": 170, "fields": {"action_time": "2020-11-23T06:41:35.775Z", "user": 1, "content_type": 12, "object_id": "37", "object_repr": "Baja de peso --- Subtópico: None --- Tópico: Nutrición y Peso", "action_flag": 2, "change_message": "[{\"changed\": {\"fields\": [\"Imagen\"]}}]"}}, {"model": "admin.logentry", "pk": 171, "fields": {"action_time": "2020-11-23T06:42:40.462Z", "user": 1, "content_type": 12, "object_id": "38", "object_repr": "Consejos sobre nutrición y peso --- Subtópico: None --- Tópico: Nutrición y Peso", "action_flag": 2, "change_message": "[{\"changed\": {\"fields\": [\"Imagen\"]}}]"}}, {"model": "admin.logentry", "pk": 172, "fields": {"action_time": "2020-11-23T06:44:56.460Z", "user": 1, "content_type": 12, "object_id": "26", "object_repr": "Consejos sobre incontinencia urinaria --- Subtópico: Incontinencia urinaria --- Tópico: Incontinencia y Constipación", "action_flag": 2, "change_message": "[{\"changed\": {\"fields\": [\"Imagen\"]}}]"}}, {"model": "admin.logentry", "pk": 173, "fields": {"action_time": "2020-11-23T06:46:30.181Z", "user": 1, "content_type": 12, "object_id": "30", "object_repr": "Consejos sobre constipación --- Subtópico: Constipación --- Tópico: Incontinencia y Constipación", "action_flag": 2, "change_message": "[{\"changed\": {\"fields\": [\"Imagen\"]}}]"}}, {"model": "admin.logentry", "pk": 174, "fields": {"action_time": "2020-11-23T06:48:28.569Z", "user": 1, "content_type": 12, "object_id": "28", "object_repr": "Consejos sobre incontinencia fecal --- Subtópico: Incontinencia fecal --- Tópico: Incontinencia y Constipación", "action_flag": 2, "change_message": "[{\"changed\": {\"fields\": [\"Imagen\"]}}]"}}, {"model": "admin.logentry", "pk": 175, "fields": {"action_time": "2020-12-12T00:32:00.679Z", "user": 1, "content_type": 10, "object_id": "1", "object_repr": "Marchas y Caídas", "action_flag": 2, "change_message": "[{\"changed\": {\"fields\": [\"URL Infograf\\u00eda\"]}}]"}}, {"model": "admin.logentry", "pk": 176, "fields": {"action_time": "2020-12-12T00:57:41.191Z", "user": 1, "content_type": 10, "object_id": "2", "object_repr": "Sueño", "action_flag": 2, "change_message": "[{\"changed\": {\"fields\": [\"URL Infograf\\u00eda\"]}}]"}}, {"model": "admin.logentry", "pk": 177, "fields": {"action_time": "2020-12-18T05:19:02.428Z", "user": 1, "content_type": 14, "object_id": "1", "object_repr": "NPI", "action_flag": 1, "change_message": "[{\"added\": {}}]"}}, {"model": "admin.logentry", "pk": 178, "fields": {"action_time": "2020-12-18T05:19:27.875Z", "user": 1, "content_type": 14, "object_id": "2", "object_repr": "Zarit", "action_flag": 1, "change_message": "[{\"added\": {}}]"}}, {"model": "admin.logentry", "pk": 179, "fields": {"action_time": "2020-12-18T05:21:05.895Z", "user": 1, "content_type": 15, "object_id": "1", "object_repr": "Test object (1)", "action_flag": 1, "change_message": "[{\"added\": {}}]"}}, {"model": "admin.logentry", "pk": 180, "fields": {"action_time": "2020-12-18T05:21:58.153Z", "user": 1, "content_type": 17, "object_id": "1", "object_repr": "RespuestaNPI object (1)", "action_flag": 1, "change_message": "[{\"added\": {}}]"}}, {"model": "admin.logentry", "pk": 181, "fields": {"action_time": "2020-12-18T05:23:06.103Z", "user": 1, "content_type": 16, "object_id": "1", "object_repr": "RespuestaZarit object (1)", "action_flag": 1, "change_message": "[{\"added\": {}}]"}}, {"model": "admin.logentry", "pk": 182, "fields": {"action_time": "2020-12-18T05:25:21.005Z", "user": 1, "content_type": 16, "object_id": "1", "object_repr": "RespuestaZarit object (1)", "action_flag": 3, "change_message": ""}}, {"model": "admin.logentry", "pk": 183, "fields": {"action_time": "2020-12-24T19:35:09.707Z", "user": 1, "content_type": 15, "object_id": "4", "object_repr": "Test object (4)", "action_flag": 3, "change_message": ""}}, {"model": "admin.logentry", "pk": 184, "fields": {"action_time": "2020-12-24T19:35:09.738Z", "user": 1, "content_type": 15, "object_id": "3", "object_repr": "Test object (3)", "action_flag": 3, "change_message": ""}}, {"model": "admin.logentry", "pk": 185, "fields": {"action_time": "2020-12-24T19:35:09.751Z", "user": 1, "content_type": 15, "object_id": "2", "object_repr": "Test object (2)", "action_flag": 3, "change_message": ""}}, {"model": "admin.logentry", "pk": 186, "fields": {"action_time": "2020-12-24T19:35:09.764Z", "user": 1, "content_type": 15, "object_id": "1", "object_repr": "Test object (1)", "action_flag": 3, "change_message": ""}}, {"model": "admin.logentry", "pk": 187, "fields": {"action_time": "2020-12-24T19:36:02.283Z", "user": 1, "content_type": 7, "object_id": "6", "object_repr": "Registro Braulio Andres", "action_flag": 3, "change_message": ""}}, {"model": "admin.logentry", "pk": 188, "fields": {"action_time": "2020-12-24T19:36:02.329Z", "user": 1, "content_type": 7, "object_id": "5", "object_repr": "Registro Braulio Andres", "action_flag": 3, "change_message": ""}}, {"model": "admin.logentry", "pk": 189, "fields": {"action_time": "2020-12-24T19:36:02.341Z", "user": 1, "content_type": 7, "object_id": "4", "object_repr": "Registro Lautaro Andrés", "action_flag": 3, "change_message": ""}}, {"model": "admin.logentry", "pk": 190, "fields": {"action_time": "2020-12-24T19:36:02.356Z", "user": 1, "content_type": 7, "object_id": "3", "object_repr": "Registro Lautaro Andrés", "action_flag": 3, "change_message": ""}}, {"model": "admin.logentry", "pk": 191, "fields": {"action_time": "2020-12-24T19:36:02.369Z", "user": 1, "content_type": 7, "object_id": "2", "object_repr": "Registro Braulio Andres", "action_flag": 3, "change_message": ""}}, {"model": "admin.logentry", "pk": 192, "fields": {"action_time": "2020-12-24T19:36:02.383Z", "user": 1, "content_type": 7, "object_id": "1", "object_repr": "Registro Braulio Andres", "action_flag": 3, "change_message": ""}}, {"model": "admin.logentry", "pk": 193, "fields": {"action_time": "2020-12-24T19:36:13.614Z", "user": 1, "content_type": 9, "object_id": "5", "object_repr": "Dolor de cabeza", "action_flag": 3, "change_message": ""}}, {"model": "admin.logentry", "pk": 194, "fields": {"action_time": "2020-12-24T19:36:13.643Z", "user": 1, "content_type": 9, "object_id": "4", "object_repr": "Dolor articular", "action_flag": 3, "change_message": ""}}, {"model": "admin.logentry", "pk": 195, "fields": {"action_time": "2020-12-24T19:36:13.655Z", "user": 1, "content_type": 9, "object_id": "3", "object_repr": "Pérdida de memoria", "action_flag": 3, "change_message": ""}}, {"model": "admin.logentry", "pk": 196, "fields": {"action_time": "2020-12-24T19:36:13.672Z", "user": 1, "content_type": 9, "object_id": "2", "object_repr": "Desorientación espacio-tiempo", "action_flag": 3, "change_message": ""}}, {"model": "admin.logentry", "pk": 197, "fields": {"action_time": "2020-12-24T19:36:13.687Z", "user": 1, "content_type": 9, "object_id": "1", "object_repr": "Pérdida de control emocional", "action_flag": 3, "change_message": ""}}, {"model": "admin.logentry", "pk": 198, "fields": {"action_time": "2020-12-24T19:37:03.350Z", "user": 1, "content_type": 8, "object_id": "3", "object_repr": "Braulio Andres Soto Morales", "action_flag": 3, "change_message": ""}}, {"model": "admin.logentry", "pk": 199, "fields": {"action_time": "2020-12-24T19:37:03.362Z", "user": 1, "content_type": 8, "object_id": "2", "object_repr": "Lautaro Andrés Martínez Leal", "action_flag": 3, "change_message": ""}}, {"model": "admin.logentry", "pk": 200, "fields": {"action_time": "2020-12-24T19:37:03.374Z", "user": 1, "content_type": 8, "object_id": "1", "object_repr": "Braulio Andres Soto Morales", "action_flag": 3, "change_message": ""}}, {"model": "admin.logentry", "pk": 201, "fields": {"action_time": "2020-12-24T20:26:17.388Z", "user": 1, "content_type": 14, "object_id": "2", "object_repr": "ZARIT", "action_flag": 2, "change_message": "[{\"changed\": {\"fields\": [\"Nombre Test\"]}}]"}}, {"model": "admin.logentry", "pk": 202, "fields": {"action_time": "2020-12-26T22:12:53.264Z", "user": 1, "content_type": 1, "object_id": "2", "object_repr": "cuidador1", "action_flag": 2, "change_message": "[{\"changed\": {\"fields\": [\"First name\", \"Last name\"]}}]"}}, {"model": "admin.logentry", "pk": 203, "fields": {"action_time": "2020-12-28T00:19:47.119Z", "user": 1, "content_type": 1, "object_id": "3", "object_repr": "medico1", "action_flag": 2, "change_message": "[{\"changed\": {\"fields\": [\"First name\", \"Last name\"]}}]"}}, {"model": "admin.logentry", "pk": 204, "fields": {"action_time": "2020-12-28T00:25:19.234Z", "user": 1, "content_type": 1, "object_id": "4", "object_repr": "cuidador2", "action_flag": 2, "change_message": "[{\"changed\": {\"fields\": [\"First name\", \"Last name\"]}}]"}}, {"model": "admin.logentry", "pk": 205, "fields": {"action_time": "2020-12-30T18:56:48.516Z", "user": 1, "content_type": 15, "object_id": "12", "object_repr": "ID: 12", "action_flag": 3, "change_message": ""}}, {"model": "admin.logentry", "pk": 206, "fields": {"action_time": "2020-12-30T18:56:48.552Z", "user": 1, "content_type": 15, "object_id": "11", "object_repr": "ID: 11", "action_flag": 3, "change_message": ""}}, {"model": "admin.logentry", "pk": 207, "fields": {"action_time": "2020-12-30T18:56:48.565Z", "user": 1, "content_type": 15, "object_id": "10", "object_repr": "ID: 10", "action_flag": 3, "change_message": ""}}, {"model": "admin.logentry", "pk": 208, "fields": {"action_time": "2020-12-30T18:56:48.578Z", "user": 1, "content_type": 15, "object_id": "9", "object_repr": "ID: 9", "action_flag": 3, "change_message": ""}}, {"model": "admin.logentry", "pk": 209, "fields": {"action_time": "2020-12-30T18:56:48.590Z", "user": 1, "content_type": 15, "object_id": "8", "object_repr": "ID: 8", "action_flag": 3, "change_message": ""}}, {"model": "admin.logentry", "pk": 210, "fields": {"action_time": "2020-12-30T18:56:48.604Z", "user": 1, "content_type": 15, "object_id": "7", "object_repr": "ID: 7", "action_flag": 3, "change_message": ""}}, {"model": "admin.logentry", "pk": 211, "fields": {"action_time": "2020-12-30T18:56:48.617Z", "user": 1, "content_type": 15, "object_id": "6", "object_repr": "ID: 6", "action_flag": 3, "change_message": ""}}, {"model": "admin.logentry", "pk": 212, "fields": {"action_time": "2020-12-30T18:56:48.629Z", "user": 1, "content_type": 15, "object_id": "5", "object_repr": "ID: 5", "action_flag": 3, "change_message": ""}}, {"model": "admin.logentry", "pk": 213, "fields": {"action_time": "2020-12-31T07:42:07.261Z", "user": 1, "content_type": 1, "object_id": "9", "object_repr": "gestionador", "action_flag": 1, "change_message": "[{\"added\": {}}]"}}, {"model": "admin.logentry", "pk": 214, "fields": {"action_time": "2020-12-31T07:42:34.478Z", "user": 1, "content_type": 1, "object_id": "9", "object_repr": "gestionador", "action_flag": 2, "change_message": "[{\"changed\": {\"fields\": [\"Email address\", \"Gestionador\"]}}]"}}, {"model": "admin.logentry", "pk": 215, "fields": {"action_time": "2020-12-31T07:45:51.616Z", "user": 1, "content_type": 1, "object_id": "9", "object_repr": "gestionador", "action_flag": 2, "change_message": "[{\"changed\": {\"fields\": [\"Staff status\", \"User permissions\"]}}]"}}, {"model": "admin.logentry", "pk": 216, "fields": {"action_time": "2021-01-03T22:56:48.558Z", "user": 1, "content_type": 12, "object_id": "1", "object_repr": "Factores de riesgo --- Subtópico: Caídas --- Tópico: Marchas y Caídas", "action_flag": 2, "change_message": "[{\"changed\": {\"fields\": [\"Imagen\"]}}]"}}, {"model": "admin.logentry", "pk": 217, "fields": {"action_time": "2021-01-03T22:57:20.997Z", "user": 1, "content_type": 12, "object_id": "2", "object_repr": "Importancia de prevención --- Subtópico: Caídas --- Tópico: Marchas y Caídas", "action_flag": 2, "change_message": "[{\"changed\": {\"fields\": [\"Imagen\"]}}]"}}, {"model": "admin.logentry", "pk": 218, "fields": {"action_time": "2021-01-03T22:57:49.859Z", "user": 1, "content_type": 12, "object_id": "29", "object_repr": "Definición de constipación --- Subtópico: Constipación --- Tópico: Incontinencia y Constipación", "action_flag": 2, "change_message": "[{\"changed\": {\"fields\": [\"Imagen\"]}}]"}}, {"model": "admin.logentry", "pk": 219, "fields": {"action_time": "2021-01-03T22:58:25.369Z", "user": 1, "content_type": 12, "object_id": "27", "object_repr": "Definición de incontinencia fecal --- Subtópico: Incontinencia fecal --- Tópico: Incontinencia y Constipación", "action_flag": 2, "change_message": "[{\"changed\": {\"fields\": [\"Imagen\"]}}]"}}, {"model": "admin.logentry", "pk": 220, "fields": {"action_time": "2021-01-03T22:58:48.471Z", "user": 1, "content_type": 12, "object_id": "25", "object_repr": "Definición de incontinencia urinaria --- Subtópico: Incontinencia urinaria --- Tópico: Incontinencia y Constipación", "action_flag": 2, "change_message": "[{\"changed\": {\"fields\": [\"Imagen\"]}}]"}}, {"model": "admin.logentry", "pk": 221, "fields": {"action_time": "2021-01-03T23:02:53.746Z", "user": 1, "content_type": 12, "object_id": "1", "object_repr": "Factores de riesgo --- Subtópico: Caídas --- Tópico: Marchas y Caídas", "action_flag": 2, "change_message": "[{\"changed\": {\"fields\": [\"Imagen\"]}}]"}}, {"model": "admin.logentry", "pk": 222, "fields": {"action_time": "2021-02-09T00:23:44.122Z", "user": 1, "content_type": 12, "object_id": "13", "object_repr": "Consejos generales para el cuidado de pacientes con demencia --- Subtópico: None --- Tópico: Alteraciones de la Memoria", "action_flag": 2, "change_message": "[{\"changed\": {\"fields\": [\"URL Infograf\\u00eda\"]}}]"}}, {"model": "admin.logentry", "pk": 223, "fields": {"action_time": "2021-02-09T00:49:53.454Z", "user": 1, "content_type": 10, "object_id": "4", "object_repr": "Alteraciones de la Memoria", "action_flag": 2, "change_message": "[{\"changed\": {\"fields\": [\"URL Infograf\\u00eda\"]}}]"}}, {"model": "admin.logentry", "pk": 224, "fields": {"action_time": "2021-02-09T00:50:02.938Z", "user": 1, "content_type": 10, "object_id": "7", "object_repr": "Cambios Psicológicos y Sociales", "action_flag": 2, "change_message": "[{\"changed\": {\"fields\": [\"URL Infograf\\u00eda\"]}}]"}}, {"model": "admin.logentry", "pk": 225, "fields": {"action_time": "2021-02-09T00:50:12.664Z", "user": 1, "content_type": 10, "object_id": "5", "object_repr": "Funcionalidad y Dependencia", "action_flag": 2, "change_message": "[{\"changed\": {\"fields\": [\"URL Infograf\\u00eda\"]}}]"}}, {"model": "admin.logentry", "pk": 226, "fields": {"action_time": "2021-02-09T00:50:23.047Z", "user": 1, "content_type": 10, "object_id": "8", "object_repr": "Incontinencia y Constipación", "action_flag": 2, "change_message": "[{\"changed\": {\"fields\": [\"URL Infograf\\u00eda\"]}}]"}}, {"model": "admin.logentry", "pk": 227, "fields": {"action_time": "2021-02-09T00:50:38.345Z", "user": 1, "content_type": 10, "object_id": "11", "object_repr": "Medicamentos", "action_flag": 2, "change_message": "[{\"changed\": {\"fields\": [\"URL Infograf\\u00eda\"]}}]"}}, {"model": "admin.logentry", "pk": 228, "fields": {"action_time": "2021-02-09T00:50:50.661Z", "user": 1, "content_type": 10, "object_id": "10", "object_repr": "Nutrición y Peso", "action_flag": 2, "change_message": "[{\"changed\": {\"fields\": [\"URL Infograf\\u00eda\"]}}]"}}, {"model": "admin.logentry", "pk": 229, "fields": {"action_time": "2021-02-09T00:51:00.182Z", "user": 1, "content_type": 10, "object_id": "9", "object_repr": "Osteoporosis y Fracturas", "action_flag": 2, "change_message": "[{\"changed\": {\"fields\": [\"URL Infograf\\u00eda\"]}}]"}}, {"model": "admin.logentry", "pk": 230, "fields": {"action_time": "2021-02-09T00:51:24.402Z", "user": 1, "content_type": 10, "object_id": "3", "object_repr": "Vacunas", "action_flag": 2, "change_message": "[{\"changed\": {\"fields\": [\"URL Infograf\\u00eda\"]}}]"}}, {"model": "admin.logentry", "pk": 231, "fields": {"action_time": "2021-02-09T00:51:34.235Z", "user": 1, "content_type": 10, "object_id": "6", "object_repr": "Visión y Audición", "action_flag": 2, "change_message": "[{\"changed\": {\"fields\": [\"URL Infograf\\u00eda\"]}}]"}}, {"model": "admin.logentry", "pk": 232, "fields": {"action_time": "2021-02-09T00:57:43.163Z", "user": 1, "content_type": 12, "object_id": "14", "object_repr": "Consejos para el manejo de trastornos conductuales --- Subtópico: None --- Tópico: Alteraciones de la Memoria", "action_flag": 2, "change_message": "[{\"changed\": {\"fields\": [\"URL Infograf\\u00eda\"]}}]"}}, {"model": "admin.logentry", "pk": 233, "fields": {"action_time": "2021-02-09T01:03:43.002Z", "user": 1, "content_type": 1, "object_id": "9", "object_repr": "gestionador", "action_flag": 2, "change_message": "[{\"changed\": {\"fields\": [\"User permissions\"]}}]"}}, {"model": "admin.logentry", "pk": 234, "fields": {"action_time": "2021-02-09T01:03:49.502Z", "user": 1, "content_type": 1, "object_id": "9", "object_repr": "gestionador", "action_flag": 3, "change_message": ""}}, {"model": "admin.logentry", "pk": 235, "fields": {"action_time": "2021-02-09T01:04:07.185Z", "user": 1, "content_type": 1, "object_id": "10", "object_repr": "gestionador", "action_flag": 1, "change_message": "[{\"added\": {}}]"}}, {"model": "admin.logentry", "pk": 236, "fields": {"action_time": "2021-02-09T01:05:26.310Z", "user": 1, "content_type": 1, "object_id": "10", "object_repr": "gestionador", "action_flag": 2, "change_message": "[{\"changed\": {\"fields\": [\"Staff status\", \"User permissions\", \"Gestionador\"]}}]"}}, {"model": "admin.logentry", "pk": 237, "fields": {"action_time": "2021-02-09T01:06:05.350Z", "user": 10, "content_type": 12, "object_id": "13", "object_repr": "Consejos generales para el cuidado de pacientes con demencia --- Subtópico: None --- Tópico: Alteraciones de la Memoria", "action_flag": 2, "change_message": "[{\"changed\": {\"fields\": [\"URL Infograf\\u00eda\"]}}]"}}, {"model": "admin.logentry", "pk": 238, "fields": {"action_time": "2021-02-10T22:20:26.451Z", "user": 10, "content_type": 10, "object_id": "4", "object_repr": "Alteraciones de la Memoria", "action_flag": 2, "change_message": "[{\"changed\": {\"fields\": [\"Imagen\"]}}]"}}, {"model": "admin.logentry", "pk": 239, "fields": {"action_time": "2021-02-10T23:00:12.994Z", "user": 10, "content_type": 12, "object_id": "15", "object_repr": "Ejemplos de estrategias para trastornos conductual específicos --- Subtópico: None --- Tópico: Alteraciones de la Memoria", "action_flag": 2, "change_message": "[{\"changed\": {\"fields\": [\"Imagen\"]}}]"}}, {"model": "admin.logentry", "pk": 240, "fields": {"action_time": "2021-02-10T23:01:13.951Z", "user": 10, "content_type": 12, "object_id": "18", "object_repr": "Conductas de cuidadores que favorecen la dependencia --- Subtópico: None --- Tópico: Funcionalidad y Dependencia", "action_flag": 2, "change_message": "[{\"changed\": {\"fields\": [\"Imagen\"]}}]"}}, {"model": "admin.logentry", "pk": 241, "fields": {"action_time": "2021-02-10T23:32:32.931Z", "user": 1, "content_type": 12, "object_id": "13", "object_repr": "Consejos generales para el cuidado de pacientes con demencia --- Subtópico: None --- Tópico: Alteraciones de la Memoria", "action_flag": 2, "change_message": "[{\"changed\": {\"fields\": [\"URL Infograf\\u00eda\"]}}]"}}, {"model": "admin.logentry", "pk": 242, "fields": {"action_time": "2021-02-10T23:33:03.273Z", "user": 1, "content_type": 12, "object_id": "14", "object_repr": "Consejos para el manejo de trastornos conductuales --- Subtópico: None --- Tópico: Alteraciones de la Memoria", "action_flag": 2, "change_message": "[{\"changed\": {\"fields\": [\"URL Infograf\\u00eda\"]}}]"}}, {"model": "admin.logentry", "pk": 243, "fields": {"action_time": "2021-02-10T23:33:23.876Z", "user": 1, "content_type": 12, "object_id": "6", "object_repr": "Consejos para mejorar el sueño --- Subtópico: None --- Tópico: Sueño", "action_flag": 2, "change_message": "[{\"changed\": {\"fields\": [\"URL Infograf\\u00eda\"]}}]"}}, {"model": "admin.logentry", "pk": 244, "fields": {"action_time": "2021-02-10T23:33:44.021Z", "user": 1, "content_type": 12, "object_id": "3", "object_repr": "Consejos para prevenir caídas --- Subtópico: Caídas --- Tópico: Marchas y Caídas", "action_flag": 2, "change_message": "[{\"changed\": {\"fields\": [\"URL Infograf\\u00eda\"]}}]"}}, {"model": "admin.logentry", "pk": 245, "fields": {"action_time": "2021-02-10T23:34:04.528Z", "user": 1, "content_type": 12, "object_id": "19", "object_repr": "Consejos para prevenir y manejar la dependencia --- Subtópico: None --- Tópico: Funcionalidad y Dependencia", "action_flag": 2, "change_message": "[{\"changed\": {\"fields\": [\"URL Infograf\\u00eda\"]}}]"}}, {"model": "admin.logentry", "pk": 246, "fields": {"action_time": "2021-02-10T23:34:22.333Z", "user": 1, "content_type": 12, "object_id": "24", "object_repr": "Consejos sobre cambios psicológicos y sociales --- Subtópico: None --- Tópico: Cambios Psicológicos y Sociales", "action_flag": 2, "change_message": "[{\"changed\": {\"fields\": [\"URL Infograf\\u00eda\"]}}]"}}, {"model": "admin.logentry", "pk": 247, "fields": {"action_time": "2021-02-10T23:34:44.085Z", "user": 1, "content_type": 12, "object_id": "30", "object_repr": "Consejos sobre constipación --- Subtópico: Constipación --- Tópico: Incontinencia y Constipación", "action_flag": 2, "change_message": "[{\"changed\": {\"fields\": [\"URL Infograf\\u00eda\"]}}]"}}, {"model": "admin.logentry", "pk": 248, "fields": {"action_time": "2021-02-10T23:35:05.694Z", "user": 1, "content_type": 12, "object_id": "28", "object_repr": "Consejos sobre incontinencia fecal --- Subtópico: Incontinencia fecal --- Tópico: Incontinencia y Constipación", "action_flag": 2, "change_message": "[{\"changed\": {\"fields\": [\"URL Infograf\\u00eda\"]}}]"}}, {"model": "admin.logentry", "pk": 249, "fields": {"action_time": "2021-02-10T23:35:21.914Z", "user": 1, "content_type": 12, "object_id": "26", "object_repr": "Consejos sobre incontinencia urinaria --- Subtópico: Incontinencia urinaria --- Tópico: Incontinencia y Constipación", "action_flag": 2, "change_message": "[{\"changed\": {\"fields\": [\"URL Infograf\\u00eda\"]}}]"}}, {"model": "admin.logentry", "pk": 250, "fields": {"action_time": "2021-02-10T23:35:47.725Z", "user": 1, "content_type": 12, "object_id": "40", "object_repr": "Consejos sobre los medicamentos --- Subtópico: None --- Tópico: Medicamentos", "action_flag": 2, "change_message": "[{\"changed\": {\"fields\": [\"URL Infograf\\u00eda\"]}}]"}}, {"model": "admin.logentry", "pk": 251, "fields": {"action_time": "2021-02-10T23:36:15.085Z", "user": 1, "content_type": 12, "object_id": "38", "object_repr": "Consejos sobre nutrición y peso --- Subtópico: None --- Tópico: Nutrición y Peso", "action_flag": 2, "change_message": "[{\"changed\": {\"fields\": [\"URL Infograf\\u00eda\"]}}]"}}, {"model": "admin.logentry", "pk": 252, "fields": {"action_time": "2021-02-10T23:36:35.419Z", "user": 1, "content_type": 12, "object_id": "33", "object_repr": "Consejos sobre osteoporosis y fracturas --- Subtópico: None --- Tópico: Osteoporosis y Fracturas", "action_flag": 2, "change_message": "[{\"changed\": {\"fields\": [\"URL Infograf\\u00eda\"]}}]"}}, {"model": "admin.logentry", "pk": 253, "fields": {"action_time": "2021-02-10T23:37:00.921Z", "user": 1, "content_type": 12, "object_id": "21", "object_repr": "Consejos sobre visión y audición --- Subtópico: None --- Tópico: Visión y Audición", "action_flag": 2, "change_message": "[{\"changed\": {\"fields\": [\"URL Infograf\\u00eda\"]}}]"}}, {"model": "admin.logentry", "pk": 254, "fields": {"action_time": "2021-02-10T23:38:41.165Z", "user": 1, "content_type": 10, "object_id": "4", "object_repr": "Alteraciones de la Memoria", "action_flag": 2, "change_message": "[{\"changed\": {\"fields\": [\"Imagen\"]}}]"}}, {"model": "admin.logentry", "pk": 255, "fields": {"action_time": "2021-02-10T23:38:51.941Z", "user": 1, "content_type": 10, "object_id": "7", "object_repr": "Cambios Psicológicos y Sociales", "action_flag": 2, "change_message": "[{\"changed\": {\"fields\": [\"Imagen\"]}}]"}}, {"model": "admin.logentry", "pk": 256, "fields": {"action_time": "2021-02-10T23:39:50.197Z", "user": 1, "content_type": 10, "object_id": "5", "object_repr": "Funcionalidad y Dependencia", "action_flag": 2, "change_message": "[{\"changed\": {\"fields\": [\"Imagen\"]}}]"}}, {"model": "admin.logentry", "pk": 257, "fields": {"action_time": "2021-02-10T23:40:02.544Z", "user": 1, "content_type": 10, "object_id": "8", "object_repr": "Incontinencia y Constipación", "action_flag": 2, "change_message": "[{\"changed\": {\"fields\": [\"Imagen\"]}}]"}}, {"model": "admin.logentry", "pk": 258, "fields": {"action_time": "2021-02-10T23:41:11.170Z", "user": 1, "content_type": 10, "object_id": "1", "object_repr": "Marchas y Caídas", "action_flag": 2, "change_message": "[{\"changed\": {\"fields\": [\"Imagen\"]}}]"}}, {"model": "admin.logentry", "pk": 259, "fields": {"action_time": "2021-02-10T23:41:23.487Z", "user": 1, "content_type": 10, "object_id": "10", "object_repr": "Nutrición y Peso", "action_flag": 2, "change_message": "[{\"changed\": {\"fields\": [\"Imagen\"]}}]"}}, {"model": "admin.logentry", "pk": 260, "fields": {"action_time": "2021-02-10T23:41:32.831Z", "user": 1, "content_type": 10, "object_id": "9", "object_repr": "Osteoporosis y Fracturas", "action_flag": 2, "change_message": "[{\"changed\": {\"fields\": [\"Imagen\"]}}]"}}, {"model": "admin.logentry", "pk": 261, "fields": {"action_time": "2021-02-10T23:42:27.200Z", "user": 1, "content_type": 10, "object_id": "2", "object_repr": "Sueño", "action_flag": 2, "change_message": "[{\"changed\": {\"fields\": [\"Imagen\"]}}]"}}, {"model": "admin.logentry", "pk": 262, "fields": {"action_time": "2021-02-10T23:42:35.873Z", "user": 1, "content_type": 10, "object_id": "3", "object_repr": "Vacunas", "action_flag": 2, "change_message": "[{\"changed\": {\"fields\": [\"Imagen\"]}}]"}}, {"model": "admin.logentry", "pk": 263, "fields": {"action_time": "2021-02-10T23:42:47.612Z", "user": 1, "content_type": 10, "object_id": "6", "object_repr": "Visión y Audición", "action_flag": 2, "change_message": "[{\"changed\": {\"fields\": [\"Imagen\"]}}]"}}, {"model": "admin.logentry", "pk": 264, "fields": {"action_time": "2021-02-10T23:43:31.642Z", "user": 1, "content_type": 11, "object_id": "1", "object_repr": "Cambios normales en la marcha", "action_flag": 2, "change_message": "[{\"changed\": {\"fields\": [\"Imagen\"]}}]"}}, {"model": "admin.logentry", "pk": 265, "fields": {"action_time": "2021-02-10T23:45:11.341Z", "user": 1, "content_type": 12, "object_id": "15", "object_repr": "Ejemplos de estrategias para trastornos conductual específicos --- Subtópico: None --- Tópico: Alteraciones de la Memoria", "action_flag": 2, "change_message": "[{\"changed\": {\"fields\": [\"Imagen\"]}}]"}}, {"model": "admin.logentry", "pk": 266, "fields": {"action_time": "2023-04-05T15:01:01.629Z", "user": 14, "content_type": 13, "object_id": "10", "object_repr": "<ul>\r\n\t<li><strong>Las quejas de memoria son frecuentes en las personas mayores, pero en la mayor&iacute;a no son reflejo de una enfermedad, sino que son parte normal del proceso de envejecimiento.</s", "action_flag": 2, "change_message": "[{\"changed\": {\"fields\": [\"Descripci\\u00f3n\"]}}]"}}, {"model": "admin.logentry", "pk": 267, "fields": {"action_time": "2023-04-05T15:01:20.010Z", "user": 14, "content_type": 13, "object_id": "10", "object_repr": "<ul>\r\n\t<li>Las quejas de memoria son frecuentes en las personas mayores, pero en la mayor&iacute;a no son reflejo de una enfermedad, sino que son parte normal del proceso de envejecimiento.</li>\r\n\t<li", "action_flag": 2, "change_message": "[{\"changed\": {\"fields\": [\"Descripci\\u00f3n\"]}}]"}}, {"model": "admin.logentry", "pk": 268, "fields": {"action_time": "2023-04-14T18:48:11.082Z", "user": 14, "content_type": 13, "object_id": "10", "object_repr": "<ul>\r\n\t<li>Las quejas de memoria son frecuentes en las personas mayores, pero en la mayor&iacute;a no son reflejo de una enfermedad, sino que son parte normal del proceso de envejecimiento.</li>\r\n\t<li", "action_flag": 2, "change_message": "[{\"changed\": {\"fields\": [\"Descripci\\u00f3n\"]}}]"}}, {"model": "admin.logentry", "pk": 269, "fields": {"action_time": "2023-04-14T18:48:32.484Z", "user": 14, "content_type": 13, "object_id": "10", "object_repr": "<ul>\r\n\t<li>Las quejas de memoria son frecuentes en las personas mayores, pero en la mayor&iacute;a no son reflejo de una enfermedad, sino que son parte normal del proceso de envejecimiento.</li>\r\n\t<li", "action_flag": 2, "change_message": "[{\"changed\": {\"fields\": [\"Descripci\\u00f3n\"]}}]"}}, {"model": "admin.logentry", "pk": 270, "fields": {"action_time": "2023-05-16T17:11:54.952Z", "user": 14, "content_type": 18, "object_id": "5", "object_repr": "acotal2018", "action_flag": 2, "change_message": "[{\"changed\": {\"fields\": [\"M\\u00e9dico\"]}}]"}}, {"model": "admin.logentry", "pk": 271, "fields": {"action_time": "2023-06-15T15:29:31.791Z", "user": 14, "content_type": 15, "object_id": "27", "object_repr": "ID: 27", "action_flag": 1, "change_message": "[{\"added\": {}}]"}}, {"model": "admin.logentry", "pk": 272, "fields": {"action_time": "2023-06-15T15:29:40.693Z", "user": 14, "content_type": 15, "object_id": "28", "object_repr": "ID: 28", "action_flag": 1, "change_message": "[{\"added\": {}}]"}}, {"model": "admin.logentry", "pk": 273, "fields": {"action_time": "2023-06-15T15:29:48.318Z", "user": 14, "content_type": 15, "object_id": "29", "object_repr": "ID: 29", "action_flag": 1, "change_message": "[{\"added\": {}}]"}}, {"model": "admin.logentry", "pk": 274, "fields": {"action_time": "2023-06-15T15:29:54.125Z", "user": 14, "content_type": 15, "object_id": "30", "object_repr": "ID: 30", "action_flag": 1, "change_message": "[{\"added\": {}}]"}}, {"model": "admin.logentry", "pk": 275, "fields": {"action_time": "2023-06-15T15:30:00.240Z", "user": 14, "content_type": 15, "object_id": "31", "object_repr": "ID: 31", "action_flag": 1, "change_message": "[{\"added\": {}}]"}}, {"model": "admin.logentry", "pk": 276, "fields": {"action_time": "2023-06-15T15:36:11.457Z", "user": 14, "content_type": 15, "object_id": "31", "object_repr": "ID: 31,acotal2018", "action_flag": 3, "change_message": ""}}, {"model": "admin.logentry", "pk": 277, "fields": {"action_time": "2023-06-15T15:36:11.462Z", "user": 14, "content_type": 15, "object_id": "30", "object_repr": "ID: 30,acotal2018", "action_flag": 3, "change_message": ""}}, {"model": "admin.logentry", "pk": 278, "fields": {"action_time": "2023-06-15T15:36:11.465Z", "user": 14, "content_type": 15, "object_id": "29", "object_repr": "ID: 29,acotal2018", "action_flag": 3, "change_message": ""}}, {"model": "admin.logentry", "pk": 279, "fields": {"action_time": "2023-06-15T15:36:11.467Z", "user": 14, "content_type": 15, "object_id": "28", "object_repr": "ID: 28,acotal2018", "action_flag": 3, "change_message": ""}}, {"model": "admin.logentry", "pk": 280, "fields": {"action_time": "2023-06-15T15:36:11.470Z", "user": 14, "content_type": 15, "object_id": "27", "object_repr": "ID: 27,acotal2018", "action_flag": 3, "change_message": ""}}, {"model": "auth.permission", "pk": 1, "fields": {"name": "Can add user", "content_type": 1, "codename": "add_user"}}, {"model": "auth.permission", "pk": 2, "fields": {"name": "Can change user", "content_type": 1, "codename": "change_user"}}, {"model": "auth.permission", "pk": 3, "fields": {"name": "Can delete user", "content_type": 1, "codename": "delete_user"}}, {"model": "auth.permission", "pk": 4, "fields": {"name": "Can view user", "content_type": 1, "codename": "view_user"}}, {"model": "auth.permission", "pk": 5, "fields": {"name": "Can add log entry", "content_type": 2, "codename": "add_logentry"}}, {"model": "auth.permission", "pk": 6, "fields": {"name": "Can change log entry", "content_type": 2, "codename": "change_logentry"}}, {"model": "auth.permission", "pk": 7, "fields": {"name": "Can delete log entry", "content_type": 2, "codename": "delete_logentry"}}, {"model": "auth.permission", "pk": 8, "fields": {"name": "Can view log entry", "content_type": 2, "codename": "view_logentry"}}, {"model": "auth.permission", "pk": 9, "fields": {"name": "Can add permission", "content_type": 3, "codename": "add_permission"}}, {"model": "auth.permission", "pk": 10, "fields": {"name": "Can change permission", "content_type": 3, "codename": "change_permission"}}, {"model": "auth.permission", "pk": 11, "fields": {"name": "Can delete permission", "content_type": 3, "codename": "delete_permission"}}, {"model": "auth.permission", "pk": 12, "fields": {"name": "Can view permission", "content_type": 3, "codename": "view_permission"}}, {"model": "auth.permission", "pk": 13, "fields": {"name": "Can add group", "content_type": 4, "codename": "add_group"}}, {"model": "auth.permission", "pk": 14, "fields": {"name": "Can change group", "content_type": 4, "codename": "change_group"}}, {"model": "auth.permission", "pk": 15, "fields": {"name": "Can delete group", "content_type": 4, "codename": "delete_group"}}, {"model": "auth.permission", "pk": 16, "fields": {"name": "Can view group", "content_type": 4, "codename": "view_group"}}, {"model": "auth.permission", "pk": 17, "fields": {"name": "Can add content type", "content_type": 5, "codename": "add_contenttype"}}, {"model": "auth.permission", "pk": 18, "fields": {"name": "Can change content type", "content_type": 5, "codename": "change_contenttype"}}, {"model": "auth.permission", "pk": 19, "fields": {"name": "Can delete content type", "content_type": 5, "codename": "delete_contenttype"}}, {"model": "auth.permission", "pk": 20, "fields": {"name": "Can view content type", "content_type": 5, "codename": "view_contenttype"}}, {"model": "auth.permission", "pk": 21, "fields": {"name": "Can add session", "content_type": 6, "codename": "add_session"}}, {"model": "auth.permission", "pk": 22, "fields": {"name": "Can change session", "content_type": 6, "codename": "change_session"}}, {"model": "auth.permission", "pk": 23, "fields": {"name": "Can delete session", "content_type": 6, "codename": "delete_session"}}, {"model": "auth.permission", "pk": 24, "fields": {"name": "Can view session", "content_type": 6, "codename": "view_session"}}, {"model": "auth.permission", "pk": 25, "fields": {"name": "Can add Historial", "content_type": 7, "codename": "add_historial"}}, {"model": "auth.permission", "pk": 26, "fields": {"name": "Can change Historial", "content_type": 7, "codename": "change_historial"}}, {"model": "auth.permission", "pk": 27, "fields": {"name": "Can delete Historial", "content_type": 7, "codename": "delete_historial"}}, {"model": "auth.permission", "pk": 28, "fields": {"name": "Can view Historial", "content_type": 7, "codename": "view_historial"}}, {"model": "auth.permission", "pk": 29, "fields": {"name": "Can add Paciente", "content_type": 8, "codename": "add_paciente"}}, {"model": "auth.permission", "pk": 30, "fields": {"name": "Can change Paciente", "content_type": 8, "codename": "change_paciente"}}, {"model": "auth.permission", "pk": 31, "fields": {"name": "Can delete Paciente", "content_type": 8, "codename": "delete_paciente"}}, {"model": "auth.permission", "pk": 32, "fields": {"name": "Can view Paciente", "content_type": 8, "codename": "view_paciente"}}, {"model": "auth.permission", "pk": 33, "fields": {"name": "Can add Síntoma", "content_type": 9, "codename": "add_sintoma"}}, {"model": "auth.permission", "pk": 34, "fields": {"name": "Can change Síntoma", "content_type": 9, "codename": "change_sintoma"}}, {"model": "auth.permission", "pk": 35, "fields": {"name": "Can delete Síntoma", "content_type": 9, "codename": "delete_sintoma"}}, {"model": "auth.permission", "pk": 36, "fields": {"name": "Can view Síntoma", "content_type": 9, "codename": "view_sintoma"}}, {"model": "auth.permission", "pk": 37, "fields": {"name": "Can add Tópico", "content_type": 10, "codename": "add_topico"}}, {"model": "auth.permission", "pk": 38, "fields": {"name": "Can change Tópico", "content_type": 10, "codename": "change_topico"}}, {"model": "auth.permission", "pk": 39, "fields": {"name": "Can delete Tópico", "content_type": 10, "codename": "delete_topico"}}, {"model": "auth.permission", "pk": 40, "fields": {"name": "Can view Tópico", "content_type": 10, "codename": "view_topico"}}, {"model": "auth.permission", "pk": 41, "fields": {"name": "Can add Subtópico", "content_type": 11, "codename": "add_subtopico"}}, {"model": "auth.permission", "pk": 42, "fields": {"name": "Can change Subtópico", "content_type": 11, "codename": "change_subtopico"}}, {"model": "auth.permission", "pk": 43, "fields": {"name": "Can delete Subtópico", "content_type": 11, "codename": "delete_subtopico"}}, {"model": "auth.permission", "pk": 44, "fields": {"name": "Can view Subtópico", "content_type": 11, "codename": "view_subtopico"}}, {"model": "auth.permission", "pk": 45, "fields": {"name": "Can add Tena", "content_type": 12, "codename": "add_tema"}}, {"model": "auth.permission", "pk": 46, "fields": {"name": "Can change Tena", "content_type": 12, "codename": "change_tema"}}, {"model": "auth.permission", "pk": 47, "fields": {"name": "Can delete Tena", "content_type": 12, "codename": "delete_tema"}}, {"model": "auth.permission", "pk": 48, "fields": {"name": "Can view Tena", "content_type": 12, "codename": "view_tema"}}, {"model": "auth.permission", "pk": 49, "fields": {"name": "Can add Detalle de Tema", "content_type": 13, "codename": "add_detalletema"}}, {"model": "auth.permission", "pk": 50, "fields": {"name": "Can change Detalle de Tema", "content_type": 13, "codename": "change_detalletema"}}, {"model": "auth.permission", "pk": 51, "fields": {"name": "Can delete Detalle de Tema", "content_type": 13, "codename": "delete_detalletema"}}, {"model": "auth.permission", "pk": 52, "fields": {"name": "Can view Detalle de Tema", "content_type": 13, "codename": "view_detalletema"}}, {"model": "auth.permission", "pk": 53, "fields": {"name": "Can add Tipo de Test", "content_type": 14, "codename": "add_tipotest"}}, {"model": "auth.permission", "pk": 54, "fields": {"name": "Can change Tipo de Test", "content_type": 14, "codename": "change_tipotest"}}, {"model": "auth.permission", "pk": 55, "fields": {"name": "Can delete Tipo de Test", "content_type": 14, "codename": "delete_tipotest"}}, {"model": "auth.permission", "pk": 56, "fields": {"name": "Can view Tipo de Test", "content_type": 14, "codename": "view_tipotest"}}, {"model": "auth.permission", "pk": 57, "fields": {"name": "Can add Test", "content_type": 15, "codename": "add_test"}}, {"model": "auth.permission", "pk": 58, "fields": {"name": "Can change Test", "content_type": 15, "codename": "change_test"}}, {"model": "auth.permission", "pk": 59, "fields": {"name": "Can delete Test", "content_type": 15, "codename": "delete_test"}}, {"model": "auth.permission", "pk": 60, "fields": {"name": "Can view Test", "content_type": 15, "codename": "view_test"}}, {"model": "auth.permission", "pk": 61, "fields": {"name": "Can add Respuesta Zarit", "content_type": 16, "codename": "add_respuestazarit"}}, {"model": "auth.permission", "pk": 62, "fields": {"name": "Can change Respuesta Zarit", "content_type": 16, "codename": "change_respuestazarit"}}, {"model": "auth.permission", "pk": 63, "fields": {"name": "Can delete Respuesta Zarit", "content_type": 16, "codename": "delete_respuestazarit"}}, {"model": "auth.permission", "pk": 64, "fields": {"name": "Can view Respuesta Zarit", "content_type": 16, "codename": "view_respuestazarit"}}, {"model": "auth.permission", "pk": 65, "fields": {"name": "Can add Respuesta NPI", "content_type": 17, "codename": "add_respuestanpi"}}, {"model": "auth.permission", "pk": 66, "fields": {"name": "Can change Respuesta NPI", "content_type": 17, "codename": "change_respuestanpi"}}, {"model": "auth.permission", "pk": 67, "fields": {"name": "Can delete Respuesta NPI", "content_type": 17, "codename": "delete_respuestanpi"}}, {"model": "auth.permission", "pk": 68, "fields": {"name": "Can view Respuesta NPI", "content_type": 17, "codename": "view_respuestanpi"}}, {"model": "auth.permission", "pk": 69, "fields": {"name": "Can add Cuidador", "content_type": 18, "codename": "add_cuidador"}}, {"model": "auth.permission", "pk": 70, "fields": {"name": "Can change Cuidador", "content_type": 18, "codename": "change_cuidador"}}, {"model": "auth.permission", "pk": 71, "fields": {"name": "Can delete Cuidador", "content_type": 18, "codename": "delete_cuidador"}}, {"model": "auth.permission", "pk": 72, "fields": {"name": "Can view Cuidador", "content_type": 18, "codename": "view_cuidador"}}, {"model": "auth.permission", "pk": 73, "fields": {"name": "Can add evento", "content_type": 19, "codename": "add_evento"}}, {"model": "auth.permission", "pk": 74, "fields": {"name": "Can change evento", "content_type": 19, "codename": "change_evento"}}, {"model": "auth.permission", "pk": 75, "fields": {"name": "Can delete evento", "content_type": 19, "codename": "delete_evento"}}, {"model": "auth.permission", "pk": 76, "fields": {"name": "Can view evento", "content_type": 19, "codename": "view_evento"}}, {"model": "auth.permission", "pk": 77, "fields": {"name": "Can add Pregunta", "content_type": 20, "codename": "add_pregunta"}}, {"model": "auth.permission", "pk": 78, "fields": {"name": "Can change Pregunta", "content_type": 20, "codename": "change_pregunta"}}, {"model": "auth.permission", "pk": 79, "fields": {"name": "Can delete Pregunta", "content_type": 20, "codename": "delete_pregunta"}}, {"model": "auth.permission", "pk": 80, "fields": {"name": "Can view Pregunta", "content_type": 20, "codename": "view_pregunta"}}, {"model": "sessions.session", "pk": "0e6e0fhur0z85ka27mi2hso2vcw39kbr", "fields": {"session_data": "MGFlOGY5MzVjZjc4N2RmYjE0NjI3ODg0NWQzMjZmMTkzMjhiZjg1Yzp7Il9hdXRoX3VzZXJfaWQiOiIxMiIsIl9hdXRoX3VzZXJfYmFja2VuZCI6ImRqYW5nby5jb250cmliLmF1dGguYmFja2VuZHMuTW9kZWxCYWNrZW5kIiwiX2F1dGhfdXNlcl9oYXNoIjoiNTMxZDk2ZTRmY2RiOWQwYTdiN2M4ZDMzOWIwNjU0MWJmYzI4OWY4YSJ9", "expire_date": "2023-05-08T16:18:33.133Z"}}, {"model": "sessions.session", "pk": "1dl1vmaa25j3lmvobwnw1b41kavfn9nq", "fields": {"session_data": "NWM5MjBhY2FiMzQzODU4Nzk2Y2YwNDk2YjU1MDkyOWQzMDViZjliMTp7Il9hdXRoX3VzZXJfaWQiOiI0IiwiX2F1dGhfdXNlcl9iYWNrZW5kIjoiZGphbmdvLmNvbnRyaWIuYXV0aC5iYWNrZW5kcy5Nb2RlbEJhY2tlbmQiLCJfYXV0aF91c2VyX2hhc2giOiI1ZjE4MWU4YTEyOWUzMzY4N2FhOTdjZWMyYmQ4MTVhM2Q3NWFkOTYzIn0=", "expire_date": "2020-12-26T00:58:31.553Z"}}, {"model": "sessions.session", "pk": "1il5689jdhbp1ik6zilpvrky14hjmpou", "fields": {"session_data": ".eJxVjDEOwjAMRe-SGUUJdmjMyM4ZIsdOaAG1UtNOiLtDpQ6w_vfef5nE69KntZU5DWrOxoM5_I6Z5VHGjeidx9tkZRqXech2U-xOm71OWp6X3f076Ln13_oYaxepghIidNEzehJRCgIZItbqhIMQeyp0chEQAyh7V5QyQ4fm_QH3ije7:1q1Vmk:e4zFP8ufgNnxGMKo04guQjoqlBO_tfgEt0TsPvSDW80", "expire_date": "2023-06-06T17:26:58.008Z"}}, {"model": "sessions.session", "pk": "30e3e3tue2pv780osl4f4kyt8tmhlj0c", "fields": {"session_data": "ZmVkM2U3NDNiMzE3OGI2ZTU4OWEwNWQzNzZmMDllZWM4OGMzMjFiMjp7Il9hdXRoX3VzZXJfaWQiOiIxIiwiX2F1dGhfdXNlcl9iYWNrZW5kIjoiZGphbmdvLmNvbnRyaWIuYXV0aC5iYWNrZW5kcy5Nb2RlbEJhY2tlbmQiLCJfYXV0aF91c2VyX2hhc2giOiI5ZDAzYjYzNzM2MDEyNGZjNDg3Mzg0YmEzYzUwM2JiOGY2NGE4ZTM0In0=", "expire_date": "2020-12-07T18:28:08.146Z"}}, {"model": "sessions.session", "pk": "3ln7sfe3m4l20kptouudj24x1ofnz08s", "fields": {"session_data": ".eJxVjEEOwiAQRe_C2hAgnQFcuvcMBGZAqgaS0q6Md9cmXej2v_f-S4S4rTVsIy9hZnEW2ojT75giPXLbCd9ju3VJva3LnOSuyIMOee2cn5fD_TuocdRvbb0p2lvnTGbIWXGa2CrwhjhFTugL4ISsAJmSjgWKIwTy4KzVhlG8PxNiOFY:1pyeYo:B1Aw5uzJWeRhFsl0AIaRC3rDTM7EPEMBKJ5pwC7IfUA", "expire_date": "2023-05-29T20:12:46.583Z"}}, {"model": "sessions.session", "pk": "6a8g9rtca9sghh88riu20t01hw44ogez", "fields": {"session_data": ".eJxVjEEOwiAQRe_C2hAgnQFcuvcMBGZAqgaS0q6Md9cmXej2v_f-S4S4rTVsIy9hZnEW2ojT75giPXLbCd9ju3VJva3LnOSuyIMOee2cn5fD_TuocdRvbb0p2lvnTGbIWXGa2CrwhjhFTugL4ISsAJmSjgWKIwTy4KzVhlG8PxNiOFY:1q6vGj:aXm1c2HANyKkCdJNt6b4PiFQzb3RADnpUzqTkpwJKlU", "expire_date": "2023-06-08T15:40:17.341Z"}}, {"model": "sessions.session", "pk": "6w69vk1dzpncbaab7kjoowkp23n2o1ny", "fields": {"session_data": "ZmVkM2U3NDNiMzE3OGI2ZTU4OWEwNWQzNzZmMDllZWM4OGMzMjFiMjp7Il9hdXRoX3VzZXJfaWQiOiIxIiwiX2F1dGhfdXNlcl9iYWNrZW5kIjoiZGphbmdvLmNvbnRyaWIuYXV0aC5iYWNrZW5kcy5Nb2RlbEJhY2tlbmQiLCJfYXV0aF91c2VyX2hhc2giOiI5ZDAzYjYzNzM2MDEyNGZjNDg3Mzg0YmEzYzUwM2JiOGY2NGE4ZTM0In0=", "expire_date": "2020-12-08T21:11:22.282Z"}}, {"model": "sessions.session", "pk": "7seyetinmmetd9ftp9bk4yvmuld3gkil", "fields": {"session_data": "ZGNmMjEyOTIyZGVmMDhiOGY2ODJjZWM5MDZkYmQxZTM3ZGQ0ZDNhNTp7Il9hdXRoX3VzZXJfaWQiOiIyIiwiX2F1dGhfdXNlcl9iYWNrZW5kIjoiZGphbmdvLmNvbnRyaWIuYXV0aC5iYWNrZW5kcy5Nb2RlbEJhY2tlbmQiLCJfYXV0aF91c2VyX2hhc2giOiIwMjlkYTAwNWRkMGVmZjIzMWVlNTNmYTBlNmNmYWE5N2UwNGEwYTU0In0=", "expire_date": "2021-01-28T01:27:45.298Z"}}, {"model": "sessions.session", "pk": "9eqxgd9flmfog9umt0ikacxuuci9qump", "fields": {"session_data": ".eJxVjEEOwiAQRe_C2hAgnQFcuvcMBGZAqgaS0q6Md9cmXej2v_f-S4S4rTVsIy9hZnEW2ojT75giPXLbCd9ju3VJva3LnOSuyIMOee2cn5fD_TuocdRvbb0p2lvnTGbIWXGa2CrwhjhFTugL4ISsAJmSjgWKIwTy4KzVhlG8PxNiOFY:1pzgJ9:y7zaiYeJVhYAlW8v1Onf97h0BhGqSMp_fkIe90VbKMc", "expire_date": "2023-06-01T16:16:51.804Z"}}, {"model": "sessions.session", "pk": "a53dlvelpadrg2sfujjy8x450ol0zpvf", "fields": {"session_data": "ZGNmMjEyOTIyZGVmMDhiOGY2ODJjZWM5MDZkYmQxZTM3ZGQ0ZDNhNTp7Il9hdXRoX3VzZXJfaWQiOiIyIiwiX2F1dGhfdXNlcl9iYWNrZW5kIjoiZGphbmdvLmNvbnRyaWIuYXV0aC5iYWNrZW5kcy5Nb2RlbEJhY2tlbmQiLCJfYXV0aF91c2VyX2hhc2giOiIwMjlkYTAwNWRkMGVmZjIzMWVlNTNmYTBlNmNmYWE5N2UwNGEwYTU0In0=", "expire_date": "2021-01-10T06:16:58.074Z"}}, {"model": "sessions.session", "pk": "b0u55mtueb3wvhgiqp6lea26th07bxps", "fields": {"session_data": ".eJxVjEEOwiAQRe_C2hAgnQFcuvcMBGZAqgaS0q6Md9cmXej2v_f-S4S4rTVsIy9hZnEW2ojT75giPXLbCd9ju3VJva3LnOSuyIMOee2cn5fD_TuocdRvbb0p2lvnTGbIWXGa2CrwhjhFTugL4ISsAJmSjgWKIwTy4KzVhlG8PxNiOFY:1q9RYi:ER5KMtbNiObO4g8LJ9bmHhDbVpJkHNcYnE4KWXqLeAw", "expire_date": "2023-06-15T14:33:16.402Z"}}, {"model": "sessions.session", "pk": "cwexkzj4oovg1hf6gwlvtnhhwnx8xhy3", "fields": {"session_data": "ZmVkM2U3NDNiMzE3OGI2ZTU4OWEwNWQzNzZmMDllZWM4OGMzMjFiMjp7Il9hdXRoX3VzZXJfaWQiOiIxIiwiX2F1dGhfdXNlcl9iYWNrZW5kIjoiZGphbmdvLmNvbnRyaWIuYXV0aC5iYWNrZW5kcy5Nb2RlbEJhY2tlbmQiLCJfYXV0aF91c2VyX2hhc2giOiI5ZDAzYjYzNzM2MDEyNGZjNDg3Mzg0YmEzYzUwM2JiOGY2NGE4ZTM0In0=", "expire_date": "2021-02-24T23:31:26.665Z"}}, {"model": "sessions.session", "pk": "esqc4ag655mhp6g6vjb5n4tm9bxcqv23", "fields": {"session_data": ".eJxVjDEOwjAMRe-SGUUJdmjMyM4ZIsdOaAG1UtNOiLtDpQ6w_vfef5nE69KntZU5DWrOxoM5_I6Z5VHGjeidx9tkZRqXech2U-xOm71OWp6X3f076Ln13_oYaxepghIidNEzehJRCgIZItbqhIMQeyp0chEQAyh7V5QyQ4fm_QH3ije7:1q6HDs:NmbBdnEnoM5-l2lkbMsL_cZevV9cSE-6qQGBXrxn6tI", "expire_date": "2023-06-19T20:54:40.383Z"}}, {"model": "sessions.session", "pk": "exoxv1gh1ti4npmptl3xcaxtv1t7vbea", "fields": {"session_data": "MDI4Y2UwNTY2ODYyMTBjMTE2ZjMzZTI5NzVlMjRkZDE1ZmNjODhmYTp7Il9hdXRoX3VzZXJfaWQiOiIxMyIsIl9hdXRoX3VzZXJfYmFja2VuZCI6ImRqYW5nby5jb250cmliLmF1dGguYmFja2VuZHMuTW9kZWxCYWNrZW5kIiwiX2F1dGhfdXNlcl9oYXNoIjoiZTI4ZmUxMGZmMmVmZjNkMmE2YjljNzlmYjJhZmU0ZTkyMmMzYTVlYyJ9", "expire_date": "2023-04-18T14:12:48.807Z"}}, {"model": "sessions.session", "pk": "gu84hbsuryxd5eqwgpqm6vrt7b7k5e3x", "fields": {"session_data": ".eJxVjDEOwjAMRe-SGUUJdmjMyM4ZIsdOaAG1UtNOiLtDpQ6w_vfef5nE69KntZU5DWrOxoM5_I6Z5VHGjeidx9tkZRqXech2U-xOm71OWp6X3f076Ln13_oYaxepghIidNEzehJRCgIZItbqhIMQeyp0chEQAyh7V5QyQ4fm_QH3ije7:1q4oLa:Nf046STktqt4GXXSnc6jOBLlFubaa5obBj8zmTCukVY", "expire_date": "2023-06-15T19:52:34.413Z"}}, {"model": "sessions.session", "pk": "hy93u1elcg813ts3st9mt95elko9nro0", "fields": {"session_data": ".eJxVjEEOwiAQRe_C2hAgnQFcuvcMBGZAqgaS0q6Md9cmXej2v_f-S4S4rTVsIy9hZnEW2ojT75giPXLbCd9ju3VJva3LnOSuyIMOee2cn5fD_TuocdRvbb0p2lvnTGbIWXGa2CrwhjhFTugL4ISsAJmSjgWKIwTy4KzVhlG8PxNiOFY:1qAAV1:Y8f1d___4MzvdAs5tj6zoIhj1qBU1TTBM_yELbtX8I0", "expire_date": "2023-06-17T14:32:27.977Z"}}, {"model": "sessions.session", "pk": "i8jtncs1pdar207qxx809i6k9sc1664f", "fields": {"session_data": "ZmVkM2U3NDNiMzE3OGI2ZTU4OWEwNWQzNzZmMDllZWM4OGMzMjFiMjp7Il9hdXRoX3VzZXJfaWQiOiIxIiwiX2F1dGhfdXNlcl9iYWNrZW5kIjoiZGphbmdvLmNvbnRyaWIuYXV0aC5iYWNrZW5kcy5Nb2RlbEJhY2tlbmQiLCJfYXV0aF91c2VyX2hhc2giOiI5ZDAzYjYzNzM2MDEyNGZjNDg3Mzg0YmEzYzUwM2JiOGY2NGE4ZTM0In0=", "expire_date": "2020-12-06T23:27:57.793Z"}}, {"model": "sessions.session", "pk": "k57rkasghdk3y79hyslwswuaq9xqoxeg", "fields": {"session_data": "ZGRmOGNhZjg5YzY5MzFhOGE2NjBjNjliYTI3YmIzNTdmYTdjZTljODp7Il9hdXRoX3VzZXJfaWQiOiIxNiIsIl9hdXRoX3VzZXJfYmFja2VuZCI6ImRqYW5nby5jb250cmliLmF1dGguYmFja2VuZHMuTW9kZWxCYWNrZW5kIiwiX2F1dGhfdXNlcl9oYXNoIjoiZWVhZjI0ZjEzNGI0YTM3NzE4OTZlZTA4OWY0MjIyMTJiODU2OWI1NCJ9", "expire_date": "2023-05-09T14:19:23.026Z"}}, {"model": "sessions.session", "pk": "krwrsl4g4ps9wjwoepu0r084zekcg20s", "fields": {"session_data": "ZGNmMjEyOTIyZGVmMDhiOGY2ODJjZWM5MDZkYmQxZTM3ZGQ0ZDNhNTp7Il9hdXRoX3VzZXJfaWQiOiIyIiwiX2F1dGhfdXNlcl9iYWNrZW5kIjoiZGphbmdvLmNvbnRyaWIuYXV0aC5iYWNrZW5kcy5Nb2RlbEJhY2tlbmQiLCJfYXV0aF91c2VyX2hhc2giOiIwMjlkYTAwNWRkMGVmZjIzMWVlNTNmYTBlNmNmYWE5N2UwNGEwYTU0In0=", "expire_date": "2021-01-01T06:53:53.699Z"}}, {"model": "sessions.session", "pk": "lnw3r4pjtgn6kvmq3yoze9h2wvug4ugp", "fields": {"session_data": ".eJxVjEEOwiAQRe_C2hAgnQFcuvcMBGZAqgaS0q6Md9cmXej2v_f-S4S4rTVsIy9hZnEW2ojT75giPXLbCd9ju3VJva3LnOSuyIMOee2cn5fD_TuocdRvbb0p2lvnTGbIWXGa2CrwhjhFTugL4ISsAJmSjgWKIwTy4KzVhlG8PxNiOFY:1pxXEO:WBQuE6mGZ1NF-uvPsVdAJTPJCVW3hA0V2eRDNUZt3HM", "expire_date": "2023-05-26T18:11:04.750Z"}}, {"model": "sessions.session", "pk": "mu9ksaf1qw5ae1vrbt2z18jhr3aauwej", "fields": {"session_data": ".eJxVjEEOwiAQRe_C2hAgnQFcuvcMBGZAqgaS0q6Md9cmXej2v_f-S4S4rTVsIy9hZnEW2ojT75giPXLbCd9ju3VJva3LnOSuyIMOee2cn5fD_TuocdRvbb0p2lvnTGbIWXGa2CrwhjhFTugL4ISsAJmSjgWKIwTy4KzVhlG8PxNiOFY:1q2bmb:nNj_cNZJRj3C3yhmoytKQMzXy5LG3m1wxaXU3OY5j08", "expire_date": "2023-06-09T18:03:21.857Z"}}, {"model": "sessions.session", "pk": "oh6n6p5yl0v3nqbb6sfqkhwooezxpbon", "fields": {"session_data": "ZmVkM2U3NDNiMzE3OGI2ZTU4OWEwNWQzNzZmMDllZWM4OGMzMjFiMjp7Il9hdXRoX3VzZXJfaWQiOiIxIiwiX2F1dGhfdXNlcl9iYWNrZW5kIjoiZGphbmdvLmNvbnRyaWIuYXV0aC5iYWNrZW5kcy5Nb2RlbEJhY2tlbmQiLCJfYXV0aF91c2VyX2hhc2giOiI5ZDAzYjYzNzM2MDEyNGZjNDg3Mzg0YmEzYzUwM2JiOGY2NGE4ZTM0In0=", "expire_date": "2020-12-31T07:44:28.391Z"}}, {"model": "sessions.session", "pk": "prqeu5ik6s9srcd8d0dndo5xde6bs00u", "fields": {"session_data": ".eJxVjEEOwiAQRe_C2hAgnQFcuvcMBGZAqgaS0q6Md9cmXej2v_f-S4S4rTVsIy9hZnEW2ojT75giPXLbCd9ju3VJva3LnOSuyIMOee2cn5fD_TuocdRvbb0p2lvnTGbIWXGa2CrwhjhFTugL4ISsAJmSjgWKIwTy4KzVhlG8PxNiOFY:1puc4W:oQs1BgHgoMU6nLBps-kPyiQNhcpnyTjtBVzA8BkL4hI", "expire_date": "2023-05-18T16:44:48.800Z"}}, {"model": "sessions.session", "pk": "qr1dlkznumgtiv4acxkwu0gnqi8h69le", "fields": {"session_data": "YjhhODAwOGQyMjZlNDVlNTA0OTZjNzk4YzY5Y2Q3OGIwOGQ2YjkzYjp7Il9hdXRoX3VzZXJfaWQiOiIzIiwiX2F1dGhfdXNlcl9iYWNrZW5kIjoiZGphbmdvLmNvbnRyaWIuYXV0aC5iYWNrZW5kcy5Nb2RlbEJhY2tlbmQiLCJfYXV0aF91c2VyX2hhc2giOiJiNGViOTMwMmVmNGExOWJiNmM3ZGRkYzkxYTdjYzFhY2RkZGRkZDQzIn0=", "expire_date": "2021-01-17T23:57:39.709Z"}}, {"model": "sessions.session", "pk": "qzzxk5pbgrx31zzf785h8oghzepnvj9k", "fields": {"session_data": ".eJxVjEEOwiAQRe_C2pDSoZZx6d4zkGEGLGogKe3KeHfbpAvd_vf-eytP6zL5tcXZZ1EXZUCdfsdA_IxlJ_Kgcq-aa1nmHPSu6IM2fasSX9fD_QtM1Kbt3bs0OkwgaC2MzpA1yCw4MARwNqWOaWAkgxHPnQNrBxAyXRQMBKPdoi22lmvxvGYhqbO6mP7zBRtMP3Y:1q6zUn:_r2o7TGGGdsMfub1Qi2JFb_kFKmnBrq9KWgDmOKzIUg", "expire_date": "2023-06-08T20:11:05.553Z"}}, {"model": "sessions.session", "pk": "r21j0u9wjxwrjj5qgewaybhpo9gld7zi", "fields": {"session_data": ".eJxVjDsOgzAQRO_iOrK8GH-gTM8ZLHt3E5xEtoShinL3gESRlDPz5r1FiNs6h63xEjKJUYAWl98yRXxyORZ6xHKvEmtZl5zkgchzbXKqxK_ryf4J5tjm_d2DR--SHTqjFO1psN44lRiUjzoBRuPMzViHCTVBYgarFQH3Bv3g-13auLVcS8AtU6S6iBG6zxf3fT8D:1qADw3:LVZhfemnKBBioUA66QDB_Z4JCffhuCQx4Yjkfbasmxo", "expire_date": "2023-06-17T18:12:35.726Z"}}, {"model": "sessions.session", "pk": "r9veatgi558q3evgh2i5vs5eqyyjfk2a", "fields": {"session_data": ".eJxVjEEOwiAQRe_C2hAgnQFcuvcMBGZAqgaS0q6Md9cmXej2v_f-S4S4rTVsIy9hZnEW2ojT75giPXLbCd9ju3VJva3LnOSuyIMOee2cn5fD_TuocdRvbb0p2lvnTGbIWXGa2CrwhjhFTugL4ISsAJmSjgWKIwTy4KzVhlG8PxNiOFY:1q6HLc:XTdYdR976ZAUYBD-7QkV37A5fIS-yB7llTDvo9dnRoA", "expire_date": "2023-06-19T21:02:40.264Z"}}, {"model": "sessions.session", "pk": "tmkmkjcoeeme1vn52r17nwfu91izsuww", "fields": {"session_data": ".eJxVjEEOwiAQRe_C2hAgnQFcuvcMBGZAqgaS0q6Md9cmXej2v_f-S4S4rTVsIy9hZnEW2ojT75giPXLbCd9ju3VJva3LnOSuyIMOee2cn5fD_TuocdRvbb0p2lvnTGbIWXGa2CrwhjhFTugL4ISsAJmSjgWKIwTy4KzVhlG8PxNiOFY:1pwUbK:G2bNNXa4hiVvSPnVydyo0c0zWbC5sGai_2iMay97_XI", "expire_date": "2023-05-23T21:10:26.052Z"}}, {"model": "sessions.session", "pk": "uotfv5o581rdelc48ouhdbiizgtgtymt", "fields": {"session_data": "ZGNmMjEyOTIyZGVmMDhiOGY2ODJjZWM5MDZkYmQxZTM3ZGQ0ZDNhNTp7Il9hdXRoX3VzZXJfaWQiOiIyIiwiX2F1dGhfdXNlcl9iYWNrZW5kIjoiZGphbmdvLmNvbnRyaWIuYXV0aC5iYWNrZW5kcy5Nb2RlbEJhY2tlbmQiLCJfYXV0aF91c2VyX2hhc2giOiIwMjlkYTAwNWRkMGVmZjIzMWVlNTNmYTBlNmNmYWE5N2UwNGEwYTU0In0=", "expire_date": "2021-01-15T23:33:24.545Z"}}, {"model": "sessions.session", "pk": "v4mfjhco9uwec3ilh9h6lceplzrfmdhk", "fields": {"session_data": ".eJxVjEEOwiAQRe_C2pDiTC106d4zkGEGLGogKe3KeHfbpAvd_vf-eytP6zL5tcXZZ1GjMqBOv2MgfsayE3lQuVfNtSxzDnpX9EGbvlWJr-vh_gUmatP2Pts0WJdAHCIM1hAaxyyuZwhgMaWOqWdHxkV36Swg9iBkuiguEAy4RVtsLdfiec1CUmc14ucL3Bg_Rw:1q6JHe:U1YSoptJZjBY6T0sqDvXwDDtYEBMO5I7xP4c023oTLU", "expire_date": "2023-06-06T23:06:42.589Z"}}, {"model": "sessions.session", "pk": "wb70xt1fdf152jsdf30ev7n9ivwxbg8c", "fields": {"session_data": ".eJxVjEEOwiAQRe_C2hAgnQFcuvcMBGZAqgaS0q6Md9cmXej2v_f-S4S4rTVsIy9hZnEW2ojT75giPXLbCd9ju3VJva3LnOSuyIMOee2cn5fD_TuocdRvbb0p2lvnTGbIWXGa2CrwhjhFTugL4ISsAJmSjgWKIwTy4KzVhlG8PxNiOFY:1q6IGx:vHl8mk_mDoeawgE4SVFd7z0zFqpsGKJpNtaE3VSTDqA", "expire_date": "2023-06-06T22:01:55.234Z"}}, {"model": "sessions.session", "pk": "yeql68ra7f5hz7kje3jauiavxxcc0sim", "fields": {"session_data": "ZmVkM2U3NDNiMzE3OGI2ZTU4OWEwNWQzNzZmMDllZWM4OGMzMjFiMjp7Il9hdXRoX3VzZXJfaWQiOiIxIiwiX2F1dGhfdXNlcl9iYWNrZW5kIjoiZGphbmdvLmNvbnRyaWIuYXV0aC5iYWNrZW5kcy5Nb2RlbEJhY2tlbmQiLCJfYXV0aF91c2VyX2hhc2giOiI5ZDAzYjYzNzM2MDEyNGZjNDg3Mzg0YmEzYzUwM2JiOGY2NGE4ZTM0In0=", "expire_date": "2020-12-26T22:41:07.862Z"}}, {"model": "sessions.session", "pk": "z6crdtsdxucop5i4zcev32il8rdgqqqu", "fields": {"session_data": "ZmVkM2U3NDNiMzE3OGI2ZTU4OWEwNWQzNzZmMDllZWM4OGMzMjFiMjp7Il9hdXRoX3VzZXJfaWQiOiIxIiwiX2F1dGhfdXNlcl9iYWNrZW5kIjoiZGphbmdvLmNvbnRyaWIuYXV0aC5iYWNrZW5kcy5Nb2RlbEJhY2tlbmQiLCJfYXV0aF91c2VyX2hhc2giOiI5ZDAzYjYzNzM2MDEyNGZjNDg3Mzg0YmEzYzUwM2JiOGY2NGE4ZTM0In0=", "expire_date": "2020-12-26T00:29:19.162Z"}}, {"model": "content.topico", "pk": 1, "fields": {"creado_por": 1, "nombre": "Marchas y Caídas", "imagen": "topicos/marcha.png", "url_infografia": "https://view.genial.ly/5fc9997d2a64f00cefbb5661", "fecha_creacion": "2020-11-08T21:04:41.530Z"}}, {"model": "content.topico", "pk": 2, "fields": {"creado_por": 1, "nombre": "Sueño", "imagen": "topicos/sueño.png", "url_infografia": "https://view.genial.ly/5fc99e1205a5df0d37028df0", "fecha_creacion": "2020-11-08T21:04:45.964Z"}}, {"model": "content.topico", "pk": 3, "fields": {"creado_por": 1, "nombre": "Vacunas", "imagen": "topicos/vacunas.png", "url_infografia": "https://view.genial.ly/601daa197a3a9b0d76c443cf", "fecha_creacion": "2020-11-08T21:04:50.299Z"}}, {"model": "content.topico", "pk": 4, "fields": {"creado_por": 1, "nombre": "Alteraciones de la Memoria", "imagen": "topicos/memoria.png", "url_infografia": "https://view.genial.ly/6014799424ecdf0d037a44e6", "fecha_creacion": "2020-11-09T00:48:10.453Z"}}, {"model": "content.topico", "pk": 5, "fields": {"creado_por": 1, "nombre": "Funcionalidad y Dependencia", "imagen": "topicos/dependencia.png", "url_infografia": "https://view.genial.ly/6019c6ddb2a38e0d67385606", "fecha_creacion": "2020-11-09T00:48:25.228Z"}}, {"model": "content.topico", "pk": 6, "fields": {"creado_por": 1, "nombre": "Visión y Audición", "imagen": "topicos/audicion.png", "url_infografia": "https://view.genial.ly/600655725115740ce72fccb3", "fecha_creacion": "2020-11-09T00:48:34.997Z"}}, {"model": "content.topico", "pk": 7, "fields": {"creado_por": 1, "nombre": "Cambios Psicológicos y Sociales", "imagen": "topicos/sociales.png", "url_infografia": "https://view.genial.ly/601b2868ce00b80d65711082", "fecha_creacion": "2020-11-09T00:48:44.183Z"}}, {"model": "content.topico", "pk": 8, "fields": {"creado_por": 1, "nombre": "Incontinencia y Constipación", "imagen": "topicos/incontinencia.png", "url_infografia": "https://view.genial.ly/601c617b1115080d6ce5ef15", "fecha_creacion": "2020-11-09T00:48:54.963Z"}}, {"model": "content.topico", "pk": 9, "fields": {"creado_por": 1, "nombre": "Osteoporosis y Fracturas", "imagen": "topicos/huesos_FP6BctV.png", "url_infografia": "https://view.genial.ly/601d5eeb7a3a9b0d76c43e8b", "fecha_creacion": "2020-11-09T00:49:14.034Z"}}, {"model": "content.topico", "pk": 10, "fields": {"creado_por": 1, "nombre": "Nutrición y Peso", "imagen": "topicos/1nutricion.png", "url_infografia": "https://view.genial.ly/602193bd02b4a00da6e7b947", "fecha_creacion": "2020-11-09T00:49:25.949Z"}}, {"model": "content.topico", "pk": 11, "fields": {"creado_por": 1, "nombre": "Medicamentos", "imagen": "topicos/medicamentos.jpg", "url_infografia": "https://view.genial.ly/601dab997a3a9b0d76c443e8", "fecha_creacion": "2020-11-09T00:49:35.476Z"}}, {"model": "content.subtopico", "pk": 1, "fields": {"creado_por": 1, "topico": 1, "nombre": "Cambios normales en la marcha", "imagen": "subtopicos/cambios_marcha.png", "fecha_creacion": "2020-11-08T21:12:56.745Z"}}, {"model": "content.subtopico", "pk": 2, "fields": {"creado_por": 1, "topico": 1, "nombre": "Caídas", "imagen": "subtopicos/caidas.jpeg", "fecha_creacion": "2020-11-08T21:13:04.303Z"}}, {"model": "content.subtopico", "pk": 4, "fields": {"creado_por": 1, "topico": 8, "nombre": "Incontinencia urinaria", "imagen": "subtopicos/incontinencia_urinaria.png", "fecha_creacion": "2020-11-18T22:00:15.031Z"}}, {"model": "content.subtopico", "pk": 5, "fields": {"creado_por": 1, "topico": 8, "nombre": "Incontinencia fecal", "imagen": "subtopicos/incontinencia_fecal.jpg", "fecha_creacion": "2020-11-18T22:00:26.693Z"}}, {"model": "content.subtopico", "pk": 6, "fields": {"creado_por": 1, "topico": 8, "nombre": "Constipación", "imagen": "subtopicos/constipacion.jpg", "fecha_creacion": "2020-11-18T22:00:44.159Z"}}, {"model": "content.tema", "pk": 1, "fields": {"creado_por": 1, "subtopico": 2, "topico": 1, "nombre": "Factores de riesgo", "imagen": "temas/factores_riesgo_caidas_yRJ88CQ.jpg", "url_infografia": null, "fecha_creacion": "2020-11-08T21:19:16.132Z"}}, {"model": "content.tema", "pk": 2, "fields": {"creado_por": 1, "subtopico": 2, "topico": 1, "nombre": "Importancia de prevención", "imagen": "temas/importancia_prevencion_caidas.jpg", "url_infografia": null, "fecha_creacion": "2020-11-08T21:19:35.931Z"}}, {"model": "content.tema", "pk": 3, "fields": {"creado_por": 1, "subtopico": 2, "topico": 1, "nombre": "Consejos para prevenir caídas", "imagen": "temas/consejos_prevencion_caidas.jpg", "url_infografia": "https://view.genial.ly/601f1cdd139e530d2b847689", "fecha_creacion": "2020-11-08T21:19:57.671Z"}}, {"model": "content.tema", "pk": 4, "fields": {"creado_por": 1, "subtopico": null, "topico": 2, "nombre": "Cambios normales en el sueño", "imagen": "temas/cambios_normales_sueño.jpeg", "url_infografia": null, "fecha_creacion": "2020-11-08T21:36:41.020Z"}}, {"model": "content.tema", "pk": 5, "fields": {"creado_por": 1, "subtopico": null, "topico": 2, "nombre": "Enfermedades del sueño", "imagen": "temas/enfermedades_sueño.jpg", "url_infografia": null, "fecha_creacion": "2020-11-08T21:37:59.330Z"}}, {"model": "content.tema", "pk": 6, "fields": {"creado_por": 1, "subtopico": null, "topico": 2, "nombre": "Consejos para mejorar el sueño", "imagen": "temas/consejos_mejorar_sueño.jpg", "url_infografia": "https://view.genial.ly/601f0dcaf6aa900d24e812a2", "fecha_creacion": "2020-11-08T21:38:04.454Z"}}, {"model": "content.tema", "pk": 10, "fields": {"creado_por": 1, "subtopico": null, "topico": 4, "nombre": "Cambios normales en la memoria", "imagen": "temas/cambios_memoria.jpg", "url_infografia": null, "fecha_creacion": "2020-11-18T22:02:38.743Z"}}, {"model": "content.tema", "pk": 11, "fields": {"creado_por": 1, "subtopico": null, "topico": 4, "nombre": "Demencias", "imagen": "temas/demencia.jpg", "url_infografia": null, "fecha_creacion": "2020-11-18T22:02:50.366Z"}}, {"model": "content.tema", "pk": 12, "fields": {"creado_por": 1, "subtopico": null, "topico": 4, "nombre": "Trastornos conductuales asociados a demencias", "imagen": "temas/trastorno_conductual_asociado_demencia.jpg", "url_infografia": null, "fecha_creacion": "2020-11-18T22:03:08.519Z"}}, {"model": "content.tema", "pk": 13, "fields": {"creado_por": 1, "subtopico": null, "topico": 4, "nombre": "Consejos generales para el cuidado de pacientes con demencia", "imagen": "temas/consejos_generales_cuidado_pacientes_demencia.jpg", "url_infografia": "https://view.genial.ly/6021865b05d8b60d75cc5504", "fecha_creacion": "2020-11-18T22:03:38.561Z"}}, {"model": "content.tema", "pk": 14, "fields": {"creado_por": 1, "subtopico": null, "topico": 4, "nombre": "Consejos para el manejo de trastornos conductuales", "imagen": "temas/consejos_manejo_trastornos_conductuales.jpeg", "url_infografia": "https://view.genial.ly/6021844805d8b60d75cc54ec", "fecha_creacion": "2020-11-18T22:04:09.535Z"}}, {"model": "content.tema", "pk": 15, "fields": {"creado_por": 1, "subtopico": null, "topico": 4, "nombre": "Ejemplos de estrategias para trastornos conductual específicos", "imagen": "temas/trastornos_conductuales_especificos_gPJG94f.jpg", "url_infografia": null, "fecha_creacion": "2020-11-18T22:04:33.670Z"}}, {"model": "content.tema", "pk": 16, "fields": {"creado_por": 1, "subtopico": null, "topico": 5, "nombre": "¿Cuándo una persona es dependiente?", "imagen": "temas/cuando_persona_dependiente.jpg", "url_infografia": null, "fecha_creacion": "2020-11-18T22:04:44.558Z"}}, {"model": "content.tema", "pk": 17, "fields": {"creado_por": 1, "subtopico": null, "topico": 5, "nombre": "Medición de la dependencia", "imagen": "temas/medicion_dependencia.jpg", "url_infografia": null, "fecha_creacion": "2020-11-18T22:05:03.542Z"}}, {"model": "content.tema", "pk": 18, "fields": {"creado_por": 1, "subtopico": null, "topico": 5, "nombre": "Conductas de cuidadores que favorecen la dependencia", "imagen": "temas/conductas_cuidadadores_favorecen_dependencia_WxJIRdR.jpg", "url_infografia": null, "fecha_creacion": "2020-11-18T22:06:39.575Z"}}, {"model": "content.tema", "pk": 19, "fields": {"creado_por": 1, "subtopico": null, "topico": 5, "nombre": "Consejos para prevenir y manejar la dependencia", "imagen": "temas/consejos_manejar_dependencia.jpg", "url_infografia": "https://view.genial.ly/601f0d78f6aa900d24e8129f", "fecha_creacion": "2020-11-18T22:06:54.454Z"}}, {"model": "content.tema", "pk": 20, "fields": {"creado_por": 1, "subtopico": null, "topico": 6, "nombre": "Cambios normales en la visión y audición", "imagen": "temas/cambio_normal_vision_audicion.jpg", "url_infografia": null, "fecha_creacion": "2020-11-18T22:08:41.302Z"}}, {"model": "content.tema", "pk": 21, "fields": {"creado_por": 1, "subtopico": null, "topico": 6, "nombre": "Consejos sobre visión y audición", "imagen": "temas/consejos_vision_audicion.jpg", "url_infografia": "https://view.genial.ly/601f106ef6aa900d24e812da", "fecha_creacion": "2020-11-18T22:10:06.398Z"}}, {"model": "content.tema", "pk": 22, "fields": {"creado_por": 1, "subtopico": null, "topico": 7, "nombre": "Cambios que vive una persona mayor", "imagen": "temas/cambios_persona_mayor.jpg", "url_infografia": null, "fecha_creacion": "2020-11-18T22:12:32.766Z"}}, {"model": "content.tema", "pk": 23, "fields": {"creado_por": 1, "subtopico": null, "topico": 7, "nombre": "Enfermedades de salud mental", "imagen": "temas/enfermedades_mentales.jpg", "url_infografia": null, "fecha_creacion": "2020-11-18T22:12:58.407Z"}}, {"model": "content.tema", "pk": 24, "fields": {"creado_por": 1, "subtopico": null, "topico": 7, "nombre": "Consejos sobre cambios psicológicos y sociales", "imagen": "temas/cambios_psicologicos_sociales.jpg", "url_infografia": "https://view.genial.ly/601f1e7a139e530d2b84769f", "fecha_creacion": "2020-11-18T22:13:57.062Z"}}, {"model": "content.tema", "pk": 25, "fields": {"creado_por": 1, "subtopico": 4, "topico": 8, "nombre": "Definición de incontinencia urinaria", "imagen": "temas/definicion_mn0d8gp.jpg", "url_infografia": null, "fecha_creacion": "2020-11-18T22:16:36.151Z"}}, {"model": "content.tema", "pk": 26, "fields": {"creado_por": 1, "subtopico": 4, "topico": 8, "nombre": "Consejos sobre incontinencia urinaria", "imagen": "temas/consejos_incontinencia_urinaria.jpg", "url_infografia": "https://view.genial.ly/602187441583230da9b2f3a9", "fecha_creacion": "2020-11-18T22:17:00.951Z"}}, {"model": "content.tema", "pk": 27, "fields": {"creado_por": 1, "subtopico": 5, "topico": 8, "nombre": "Definición de incontinencia fecal", "imagen": "temas/definicion_OauEwpm.jpg", "url_infografia": null, "fecha_creacion": "2020-11-18T22:17:18.823Z"}}, {"model": "content.tema", "pk": 28, "fields": {"creado_por": 1, "subtopico": 5, "topico": 8, "nombre": "Consejos sobre incontinencia fecal", "imagen": "temas/consejos_incontinencia_fecal.jpg", "url_infografia": "https://view.genial.ly/601f1f29139e530d2b8476a8", "fecha_creacion": "2020-11-18T22:17:38.863Z"}}, {"model": "content.tema", "pk": 29, "fields": {"creado_por": 1, "subtopico": 6, "topico": 8, "nombre": "Definición de constipación", "imagen": "temas/definicion.jpg", "url_infografia": null, "fecha_creacion": "2020-11-18T22:17:52.391Z"}}, {"model": "content.tema", "pk": 30, "fields": {"creado_por": 1, "subtopico": 6, "topico": 8, "nombre": "Consejos sobre constipación", "imagen": "temas/consejos_constipacion.jpg", "url_infografia": "https://view.genial.ly/60218b3f1583230da9b2f3ec", "fecha_creacion": "2020-11-18T22:18:18.726Z"}}, {"model": "content.tema", "pk": 31, "fields": {"creado_por": 1, "subtopico": null, "topico": 9, "nombre": "Cambios normales en los huesos", "imagen": "temas/cambios_normales_huesos.jpeg", "url_infografia": null, "fecha_creacion": "2020-11-19T00:28:20.798Z"}}, {"model": "content.tema", "pk": 32, "fields": {"creado_por": 1, "subtopico": null, "topico": 9, "nombre": "Osteoporosis", "imagen": "temas/osteoporosis.jpg", "url_infografia": null, "fecha_creacion": "2020-11-19T00:28:54.013Z"}}, {"model": "content.tema", "pk": 33, "fields": {"creado_por": 1, "subtopico": null, "topico": 9, "nombre": "Consejos sobre osteoporosis y fracturas", "imagen": "temas/consejos_fracturas.jpg", "url_infografia": "https://view.genial.ly/601f20207a3a9b0d76c45201", "fecha_creacion": "2020-11-19T00:29:19.134Z"}}, {"model": "content.tema", "pk": 34, "fields": {"creado_por": 1, "subtopico": null, "topico": 10, "nombre": "Cambios normales en el peso", "imagen": "temas/cambios_normales_peso.jpg", "url_infografia": null, "fecha_creacion": "2020-11-19T00:30:45.719Z"}}, {"model": "content.tema", "pk": 35, "fields": {"creado_por": 1, "subtopico": null, "topico": 10, "nombre": "Evaluación nutricional", "imagen": "temas/evaluacion_nutricional.jpg", "url_infografia": null, "fecha_creacion": "2020-11-19T00:30:56.798Z"}}, {"model": "content.tema", "pk": 36, "fields": {"creado_por": 1, "subtopico": null, "topico": 10, "nombre": "Obesidad", "imagen": "temas/obesidad_adulto_mayor_bBAeseb.jpg", "url_infografia": null, "fecha_creacion": "2020-11-19T00:31:13.974Z"}}, {"model": "content.tema", "pk": 37, "fields": {"creado_por": 1, "subtopico": null, "topico": 10, "nombre": "Baja de peso", "imagen": "temas/baja_peso.jpg", "url_infografia": null, "fecha_creacion": "2020-11-19T00:31:21.934Z"}}, {"model": "content.tema", "pk": 38, "fields": {"creado_por": 1, "subtopico": null, "topico": 10, "nombre": "Consejos sobre nutrición y peso", "imagen": "temas/consejos_nutricion.jpg", "url_infografia": "https://view.genial.ly/6021b54b02b4a00da6e7bc32", "fecha_creacion": "2020-11-19T00:31:44.830Z"}}, {"model": "content.tema", "pk": 39, "fields": {"creado_por": 1, "subtopico": null, "topico": 11, "nombre": "Cambios normales con el envejecimiento", "imagen": "temas/cambios_normales_envejecimiento.jpg", "url_infografia": null, "fecha_creacion": "2020-11-19T00:31:54.245Z"}}, {"model": "content.tema", "pk": 40, "fields": {"creado_por": 1, "subtopico": null, "topico": 11, "nombre": "Consejos sobre los medicamentos", "imagen": "temas/consejos_medicamentos.jpg", "url_infografia": "https://view.genial.ly/601f20f3f6aa900d24e813db", "fecha_creacion": "2020-11-19T00:32:20.942Z"}}, {"model": "content.detalletema", "pk": 1, "fields": {"creado_por": 1, "tema": 1, "subtopico": 2, "topico": 1, "descripcion": "<p>En general, una ca&iacute;da se produce por la suma de m&uacute;ltiples factores, tanto del paciente como del ambiente, mientras m&aacute;s factores de riesgo existan, mayores ser&aacute;n las posibilidades de ca&iacute;da. Entre estos factores de riesgo podemos mencionar:</p>\r\n\r\n<ul>\r\n\t<li>La edad. A mayor edad, mayor es el riesgo de ca&iacute;das.</li>\r\n\t<li>Cambios normales asociados al envejecimiento ya descritos.</li>\r\n\t<li>Ca&iacute;das previas.</li>\r\n\t<li>D&eacute;ficit visual.</li>\r\n\t<li>Enfermedades como demencia, enfermedades cardiovasculares, osteoporosis, diabetes, infartos cerebrales antiguos, incontinencia urinaria, falta de vitamina D, enfermedad de Parkinson.</li>\r\n\t<li>Algunos medicamentos y el uso de m&uacute;ltiples f&aacute;rmacos.</li>\r\n\t<li>Uso de calzado inapropiado.</li>\r\n\t<li>Caracter&iacute;sticas de la casa: Suelos resbaladizos, alfombras, camas muy altas, escaleras sin baranda, falta de iluminaci&oacute;n, muebles mal ubicados, entre otros.</li>\r\n\t<li>Alcohol.</li>\r\n\t<li>Mascotas.</li>\r\n\t<li>Veredas y locomoci&oacute;n colectiva.&nbsp;</li>\r\n</ul>\r\n\r\n<p>Estos son algunos de los factores de riesgo m&aacute;s importantes para sufrir ca&iacute;das. Es importante intentar reducir esta lista al m&iacute;nimo.&nbsp;</p>", "fecha_creacion": "2020-11-08T22:04:47.880Z"}}, {"model": "content.detalletema", "pk": 2, "fields": {"creado_por": 1, "tema": 2, "subtopico": 2, "topico": 1, "descripcion": "<ul>\r\n\t<li>Las ca&iacute;das son muy frecuentes en los mayores de 65 a&ntilde;os.</li>\r\n\t<li>Generalmente ocurren en el hogar y los pacientes no consultan al m&eacute;dico.&nbsp;</li>\r\n\t<li>Una ca&iacute;da es importante porque:&nbsp;\r\n\t<ul>\r\n\t\t<li>Se asocian a lesiones graves como fracturas.&nbsp;</li>\r\n\t\t<li>Adem&aacute;s, la mitad de los pacientes quedan con miedo a volver a caerse, lo que conlleva a ansiedad, cambio en las actividades cotidianas, pudiendo llegar&nbsp;incluso a la inmovilidad.&nbsp;</li>\r\n\t</ul>\r\n\t</li>\r\n</ul>\r\n\r\n<p>Por estas razones es importante prevenir las ca&iacute;das.</p>", "fecha_creacion": "2020-11-08T22:09:47.674Z"}}, {"model": "content.detalletema", "pk": 3, "fields": {"creado_por": 1, "tema": 3, "subtopico": 2, "topico": 1, "descripcion": "<p>Para prevenir las ca&iacute;das se aconseja:</p>\r\n\r\n<ul>\r\n\t<li>Una rutina de ejercicios: Esto debe ser indicado por el m&eacute;dico y realizada por un kinesi&oacute;logo. Tambi&eacute;n se puede realizar tai chi.&nbsp;</li>\r\n\t<li>Analizar en conjunto con el m&eacute;dico el listado de medicamentos que usa el paciente para minimizar aquellos f&aacute;rmacos riesgosos, aqu&iacute; es importante NO AUTOMEDICAR A LOS PACIENTES.&nbsp;</li>\r\n\t<li>Evitar las bajas de presi&oacute;n y la deshidrataci&oacute;n. El ajuste de los medicamentos para la presi&oacute;n lo debe hacer el m&eacute;dico. Hay que vigilar cuando la persona se levanta. Lo debe hacer lentamente para evitar mareos.</li>\r\n\t<li>Usar calzado adecuado, idealmente uso de zapatillas o zapatos de taco bajo, no andar descalzo. Tambi&eacute;n debe usar ropa c&oacute;moda que sea f&aacute;cil de poner y sacar.</li>\r\n\t<li>Modificaciones del ambiente: Evitar que hayan obst&aacute;culos como juguetes, muebles desordenados, no usar alfombras sueltas para evitar tropezones y resbalones.&nbsp;</li>\r\n\t<li>Poner barandas en escaleras, cintas antideslizantes en escalones, barras en la tina o en la ducha, silla especial para ducharse sentado.&nbsp;</li>\r\n\t<li>Idealmente reemplazar la tina por una ducha. Mantener espacios bien iluminados y en las noches dejar una luz prendida para ir al ba&ntilde;o.</li>\r\n\t<li>Consultar a un oftalm&oacute;logo si es que existen problemas de visi&oacute;n.&nbsp;</li>\r\n\t<li>Consultar a su m&eacute;dico si es necesario un suplemento de vitamina D.</li>\r\n\t<li>Valorar con su m&eacute;dico si es necesaria la utilizaci&oacute;n de alguna ayuda t&eacute;cnica (bast&oacute;n, burrito, etc), de ser necesario, esta debe usarse tras una educaci&oacute;n por el personal adecuado, como un kinesi&oacute;logo.</li>\r\n</ul>", "fecha_creacion": "2020-11-08T22:11:15.678Z"}}, {"model": "content.detalletema", "pk": 4, "fields": {"creado_por": 1, "tema": null, "subtopico": 1, "topico": 1, "descripcion": "<p>Existen cambios propios del envejecimiento que alteran la estabilidad de la marcha, aumentando el riesgo de ca&iacute;das. Dentro de estos cambios se encuentran:</p>\r\n\r\n<ul>\r\n\t<li>Disminuci&oacute;n de la velocidad de la marcha desde los 70 a&ntilde;os.</li>\r\n\t<li>Pasos m&aacute;s cortos y aumento del tiempo en que los dos pies est&aacute;n en el suelo durante la marcha.</li>\r\n\t<li>La postura se vuelve levemente inclinada hacia adelante.</li>\r\n\t<li>Disminuye la movilidad de las articulaciones.</li>\r\n\t<li>Hay alteraciones del sistema del equilibrio.</li>\r\n\t<li>Estos cambios son naturales durante el envejecimiento, pero pueden llegar a convertirse en un problema si es que producen una ca&iacute;da.</li>\r\n</ul>", "fecha_creacion": "2020-11-08T22:14:32.762Z"}}, {"model": "content.detalletema", "pk": 6, "fields": {"creado_por": 1, "tema": null, "subtopico": null, "topico": 3, "descripcion": "Las personas mayores presentan una disminución en la eficacia de su sistema inmune, por lo tanto aumentan los riesgos de desarrollar infecciones. \r\nComo grupo vulnerable se recomiendan las inmunizaciones o vacunas para prevenir algunas enfermedades o disminuir la gravedad de estas en caso de que se presentasen.\r\nExisten vacunas que están dentro del Programa Nacional de Inmunizaciones del Ministerio de Salud, es decir que existen de forma gratuita para la población.\r\nPara los adultos mayores (65 años o más) estas vacunas son:\r\nLa vacuna neumocócica polisacárida: Que protege contra enfermedades causadas por una bacteria llamada S. pneumoniae. \r\nLa más conocida es la neumonía.\r\nLa vacuna contra la influenza, que protege contra la gripe que es una infección causada por el virus influenza. \r\nEn este punto es importante entender que la gripe o influenza no es lo mismo que un resfrío. \r\nLa gripe es una infección seria que puede llegar a ser grave, incluso mortal. \r\nEl resfrío común es una infección respiratoria menos grave producida por distintos virus respiratorios que circulan en el ambiente, sobre todo en meses de invierno. \r\nPor lo tanto las personas que se vacunan contra la influenza también pueden resfriarse y esto no significa que la vacuna sea inefectiva.\r\nTambién existen otras vacunas que pueden ser recomendadas en este grupo etario pero que están fuera del Programa Nacional de Inmunizaciones (por lo que deben ser costeadas).\r\nConsulte a su médico por la vacuna contra el Herpes Zoster y la vacuna contra el tétanos y la difteria para saber si el adulto mayor al que cuida podría beneficiarse de estas inmunizaciones.", "fecha_creacion": "2020-11-19T00:35:48.320Z"}}, {"model": "content.detalletema", "pk": 7, "fields": {"creado_por": 1, "tema": 4, "subtopico": null, "topico": 2, "descripcion": "<ul>\r\n\t<li>Es importante saber que los problemas del sue&ntilde;o no son inherentes al proceso de envejecimiento.&nbsp;</li>\r\n\t<li>Muchos adultos mayores tienen buena calidad de sue&ntilde;o hasta el fin de sus d&iacute;as.&nbsp;</li>\r\n\t<li>Es fundamental no confundir las enfermedades del sue&ntilde;o con los cambios normales en los patrones de sue&ntilde;o del adulto mayor.&nbsp;</li>\r\n\t<li>Los adultos mayores generalmente se acuestan m&aacute;s temprano y despiertan m&aacute;s temprano que los adultos j&oacute;venes.&nbsp;</li>\r\n\t<li>Aumentan las etapas de sue&ntilde;o ligero y disminuyen las de sue&ntilde;o profundo. Los adultos mayores pasan menos tiempo dormidos en comparaci&oacute;n a los adultos j&oacute;venes.&nbsp;</li>\r\n\t<li>Algunos adultos mayores se quejan de un mal sue&ntilde;o y otros asumen que estas dificultades son parte del proceso del envejecimiento.&nbsp;</li>\r\n</ul>", "fecha_creacion": "2020-11-23T00:12:42.951Z"}}, {"model": "content.detalletema", "pk": 8, "fields": {"creado_por": 1, "tema": 5, "subtopico": null, "topico": 2, "descripcion": "<ul>\r\n\t<li>Es importante que como cuidador est&eacute; atento a si las dificultades del sue&ntilde;o interfieren en las actividades del d&iacute;a a d&iacute;a del adulto mayor.&nbsp;</li>\r\n\t<li>Si esto es as&iacute;, deber&aacute; consultar a un m&eacute;dico para que eval&uacute;e al paciente y descarte si existe una enfermedad asociada al sue&ntilde;o. Como por ejemplo:\r\n\t<ul>\r\n\t\t<li>Apnea del sue&ntilde;o.</li>\r\n\t\t<li>Insomnio.&nbsp;</li>\r\n\t\t<li>S&iacute;ndrome de piernas inquietas.</li>\r\n\t\t<li>Trastorno de conducta asociados al sue&ntilde;o REM.</li>\r\n\t</ul>\r\n\t</li>\r\n\t<li>As&iacute; el m&eacute;dico podr&aacute; indicar el tratamiento m&aacute;s adecuado.&nbsp;</li>\r\n\t<li>Recuerde que no siempre el tratamiento ser&aacute;n pastillas para dormir, e incluso a veces estas pueden ser perjudiciales para el problema que tenga el paciente.</li>\r\n\t<li>Por eso es el m&eacute;dico qui&eacute;n debe hacer el diagn&oacute;stico e indicar un tratamiento, y usted NO DEBE AUTOMEDICAR AL ADULTO MAYOR.</li>\r\n\t<li>Est&eacute; atento a si el adulto mayor presenta:\r\n\t<ul>\r\n\t\t<li>Dificultad para dormirse, para mantenerse dormido o ambas.&nbsp;</li>\r\n\t\t<li>Si durante el sue&ntilde;o tiene movimientos inusuales, como patadas, golpes gritos, o movimientos constantes de las piernas.&nbsp;</li>\r\n\t\t<li>Si durante el d&iacute;a se queda dormido/a en actividades como: ver televisi&oacute;n, estar sentado, estar leyendo, etc.</li>\r\n\t\t<li>F&iacute;jese en el n&uacute;mero de siestas y duraci&oacute;n de estas.</li>\r\n\t\t<li>H&aacute;bitos que tenga como cafe&iacute;na, tabaco o alcohol.</li>\r\n\t\t<li>Actividad f&iacute;sica, rutina diaria, tiempo de exposici&oacute;n a la luz solar.&nbsp;</li>\r\n\t\t<li>Ronquidos en la noche y per&iacute;odos en que deja de respirar.</li>\r\n\t</ul>\r\n\t</li>\r\n\t<li>Toda esta informaci&oacute;n ser&aacute; relevante para que el m&eacute;dico pueda llegar a un buen diagn&oacute;stico.</li>\r\n</ul>", "fecha_creacion": "2020-11-23T00:23:32.311Z"}}, {"model": "content.detalletema", "pk": 9, "fields": {"creado_por": 1, "tema": 6, "subtopico": null, "topico": 2, "descripcion": "<p>Intente que el adulto mayor tome estas precauciones:</p>\r\n\r\n<ul>\r\n\t<li>Acostarse &uacute;nicamente si tiene sue&ntilde;o.&nbsp;</li>\r\n\t<li>Evitar la cafe&iacute;na y el alcohol, por lo menos durante la tarde.&nbsp;</li>\r\n\t<li>Tener un horario fijo para acostarse y levantarse.&nbsp;</li>\r\n\t<li>No estar en la cama por m&aacute;s de 8 horas.&nbsp;</li>\r\n\t<li>Evitar las siestas, y de mantenerla debe ser s&oacute;lo una e inferior a 30 minutos.</li>\r\n\t<li>Utilizar la habitaci&oacute;n para dormir y tener relaciones sexuales.</li>\r\n\t<li>Evitar otras actividades como ver televisi&oacute;n o escuchar la radio dentro del dormitorio.</li>\r\n\t<li>Mantener la habitaci&oacute;n a una temperatura adecuada evitando la luz y el ruido.</li>\r\n\t<li>No comer muy tarde, deben pasar al menos dos horas despu&eacute;s de la &uacute;ltima comida para acostarse.&nbsp;</li>\r\n\t<li>Limitar el consumo de l&iacute;quidos en las &uacute;ltimas horas de la tarde, sobre todo si hay incontinencia.&nbsp;</li>\r\n\t<li>Evitar peleas, problemas familiares u otros est&iacute;mulos mentales perjudiciales.</li>\r\n\t<li>Exponerse en el d&iacute;a a la luz natural.&nbsp;</li>\r\n\t<li>Calentar los pies de una forma segura.&nbsp;</li>\r\n\t<li>En el caso de enfermedades del sue&ntilde;o, el m&eacute;dico indicar&aacute; el tratamiento m&aacute;s adecuado (medicamentos, dispositivos para respirar en la noche, t&eacute;cnicas de relajaci&oacute;n, etc.).&nbsp;<br />\r\n\t&nbsp;</li>\r\n</ul>", "fecha_creacion": "2020-11-23T00:28:52.332Z"}}, {"model": "content.detalletema", "pk": 10, "fields": {"creado_por": 1, "tema": 10, "subtopico": null, "topico": 4, "descripcion": "<ul>\r\n\t<li>Las quejas de memoria son frecuentes en las personas mayores, pero en la mayor&iacute;a no son reflejo de una enfermedad, sino que son parte normal del proceso de envejecimiento.</li>\r\n\t<li>A medida que se envejece, las personas mayores demoran un poco m&aacute;s en aprender y recordar la informaci&oacute;n.&nbsp;</li>\r\n\t<li>Pueden experimentar olvidos ocasionales como por ejemplo, donde dejaron alg&uacute;n objeto o qu&eacute; hicieron en una determinada fecha, reconocer caras y lugares nuevos o aprender nuevas rutas.&nbsp;</li>\r\n\t<li>La memoria m&aacute;s alterada es la &ldquo;reciente&rdquo;, la edad no parece afectar particularmente la memoria antigua. Estos problemas se inician desde la quinta o sexta d&eacute;cada de vida, y se van haciendo lentamente progresivos.&nbsp;</li>\r\n\t<li>El deterioro de la memoria es LENTO en el envejecimiento normal, pero ACELERADO en el caso de una demencia.&nbsp;</li>\r\n\t<li>Como cuidador, debe estar alerta si esto se vuelve frecuente o deteriora la calidad de vida del adulto mayor. Debe saber que:&nbsp;\r\n\t<ul>\r\n\t\t<li>En el envejecimiento normal se observan fallas DISCRETAS en la memoria como las ya descritas.</li>\r\n\t\t<li>Los defectos de la memoria tienen una evoluci&oacute;n lenta, sin empeoramiento acelerado.</li>\r\n\t\t<li>No se alteran las pruebas de memoria que hacen los profesionales de la salud, por ejemplo, las pruebas que hace la enfermera en el consultorio.&nbsp;</li>\r\n\t\t<li>El adulto mayor muestra un funcionamiento global adecuado, no presenta olvidos peligrosos como perderse, dejar la puerta abierta, dejar la cocina prendida, olvidar tareas que antes realizaba como cocinar, etc.<br />\r\n\t\t&nbsp;</li>\r\n\t</ul>\r\n\t</li>\r\n</ul>", "fecha_creacion": "2020-11-23T00:46:41.024Z"}}, {"model": "content.detalletema", "pk": 11, "fields": {"creado_por": 1, "tema": 11, "subtopico": null, "topico": 4, "descripcion": "<ul>\r\n\t<li>Las demencias son un grupo de enfermedades en que hay una disminuci&oacute;n en uno o m&aacute;s dominios cognitivos.&nbsp;</li>\r\n\t<li>El dominio m&aacute;s frecuentemente afectado es la memoria.&nbsp;</li>\r\n\t<li>Sin embargo, pueden verse tambi&eacute;n comprometidos:\r\n\t<ul>\r\n\t\t<li>El lenguaje.&nbsp;</li>\r\n\t\t<li>La habilidad para realizar ciertas tareas motoras como vestirse.&nbsp;</li>\r\n\t\t<li>Dificultad para reconocer objetos o caras familiares.&nbsp;</li>\r\n\t\t<li>Dificultad para resolver problemas y para planificar. &nbsp;</li>\r\n\t</ul>\r\n\t</li>\r\n\t<li>Esta disminuci&oacute;n es lo suficientemente importante para interferir con la independencia de la persona (requiriendo asistencia para sus actividades diarias).</li>\r\n\t<li>La demencia m&aacute;s frecuente es la enfermedad de Alzheimer, pero tambi&eacute;n existen otras, es el m&eacute;dico qui&eacute;n realizar&aacute; el diagn&oacute;stico.&nbsp;</li>\r\n\t<li>Como cuidador debe estar atento a si el adulto presenta:&nbsp;\r\n\t<ul>\r\n\t\t<li>Alteraciones de la memoria que afecten la vida diaria: dificultades para recordar cosas que le han pasado recientemente o si falla en adquirir nuevos conocimientos.</li>\r\n\t\t<li>Si presenta dificultad para seguir instrucciones, para concentrarse, o para resolver problemas.</li>\r\n\t\t<li>Si le cuesta realizar tareas que antes desempe&ntilde;aba de forma habitual en la casa, en el trabajo o en su tiempo libre. Por ejemplo manejar un auto, cocinar, hacerse cargo de las cuentas, etc.&nbsp;</li>\r\n\t\t<li>Si deja cosas en lugares inadecuados y no puede volver a encontrarlas.</li>\r\n\t\t<li>Si se desorienta en la fecha o en el lugar donde est&aacute;.&nbsp;</li>\r\n\t\t<li>Si toma malas decisiones en la vida diaria, como por ejemplo entregar dinero a desconocidos o no realizar su higiene personal.</li>\r\n\t\t<li>Si deja de realizar actividades que antes le gustaban como hobbies, reuniones con amigos, entre otros.&nbsp;</li>\r\n\t\t<li>Si tiene dificultades al conversar, como repetir constantemente lo mismo, no encontrar las palabras adecuadas, no poder unirse a una conversaci&oacute;n, darle nombres incorrectos a distintos objetos.</li>\r\n\t\t<li>Que presente cambios de &aacute;nimo como depresi&oacute;n, ansiedad, enojos f&aacute;ciles, confusi&oacute;n.</li>\r\n\t\t<li>Si la persona que usted cuida presenta alguno de estos comportamientos u otros que usted considere anormal, es necesario que consulte a un profesional (el m&eacute;dico del consultorio, un geriatra o un neur&oacute;logo).<br />\r\n\t\t&nbsp;</li>\r\n\t</ul>\r\n\t</li>\r\n</ul>", "fecha_creacion": "2020-11-23T00:54:01.294Z"}}, {"model": "content.detalletema", "pk": 12, "fields": {"creado_por": 1, "tema": 12, "subtopico": null, "topico": 4, "descripcion": "<ul>\r\n\t<li>Cuando un paciente tiene una demencia puede desarrollar, en cualquier momento de la enfermedad, algunos s&iacute;ntomas.&nbsp;</li>\r\n\t<li>Estos s&iacute;ntomas pueden alterar el &aacute;nimo, la conducta, y la percepci&oacute;n del individuo, afectando negativamente su vida, y las relaciones con el entorno.</li>\r\n\t<li>Estos llamados S&Iacute;NTOMAS CONDUCTUALES ASOCIADOS A LA DEMENCIA, han sido descritos hasta en un 90% de las personas que tienen la enfermedad.&nbsp;</li>\r\n\t<li>Son fluctuantes en el tiempo y generalmente empeoran al atardecer.&nbsp;</li>\r\n\t<li>Es importante que como cuidador sepa reconocerlos y que tenga herramientas, tanto farmacol&oacute;gicas como no farmacol&oacute;gicas, para intentar manejarlo.&nbsp;</li>\r\n\t<li>Los trastornos empeoran la calidad de vida del paciente y la sobrecarga del cuidador. Estos son:\r\n\t<ul>\r\n\t\t<li>Delirios: Quiere decir que el paciente tiene una creencia falsa de la realidad. Por ejemplo que alguien le roba, que su cuidador es un impostor, que el c&oacute;nyuge le es infiel, que el domicilio no le es propio, etc.</li>\r\n\t\t<li>Alucinaciones: Son alteraciones de la percepci&oacute;n (audici&oacute;n y visi&oacute;n).&nbsp;Ocurren con mayor frecuencia si el paciente tiene alg&uacute;n d&eacute;ficit sensorial, por ejemplo ver fuego en la casa o escuchar voces falsas.</li>\r\n\t\t<li>Presenta errores para identificar algunos est&iacute;mulos externos: Por ejemplo, puede creer que son reales los acontecimientos que ve en la televisi&oacute;n.&nbsp;</li>\r\n\t\t<li>Apat&iacute;a: Disminuci&oacute;n del inter&eacute;s por las cosas.</li>\r\n\t\t<li>Depresi&oacute;n.</li>\r\n\t\t<li>Ansiedad: Se preocupa demasiado sin raz&oacute;n alguna, se pone muy nervioso, etc.</li>\r\n\t\t<li>Desinhibici&oacute;n: Como desvestirse en p&uacute;blico o no pedir permiso.&nbsp;</li>\r\n\t\t<li>Trastorno del sue&ntilde;o.</li>\r\n\t\t<li>Actividad motora aberrante: Aqu&iacute; lo m&aacute;s frecuente es el vagabundeo, que es la tendencia a moverse de un lado a otro sin ning&uacute;n objetivo en particular.&nbsp;</li>\r\n\t\t<li>Agitaci&oacute;n: Tanto verbal como motora.</li>\r\n\t\t<li>Reacciones catastr&oacute;ficas: Se refiere a respuestas emocionales excesivas como estallidos s&uacute;bitos de enojo con agresividad f&iacute;sica o verbal.</li>\r\n\t\t<li>Negativismo: Consiste en el rechazo de actividades, incluida el rechazo al cuidado.</li>\r\n\t</ul>\r\n\t</li>\r\n</ul>", "fecha_creacion": "2020-11-23T03:21:39.972Z"}}, {"model": "content.detalletema", "pk": 13, "fields": {"creado_por": 1, "tema": 13, "subtopico": null, "topico": 4, "descripcion": "<ul>\r\n\t<li>La educaci&oacute;n a los cuidadores y a quienes rodean al paciente con demencia es fundamental.&nbsp;</li>\r\n\t<li>Es necesario entender que la persona mayor act&uacute;a as&iacute; por culpa de una enfermedad, no es a prop&oacute;sito o por mala intenci&oacute;n.&nbsp;</li>\r\n\t<li>Establezca una rutina diaria, para un paciente con demencia es muy importante mantener una rutina.&nbsp;</li>\r\n\t<li>A veces el simple hecho de salir de paseo, ir de vacaciones, recibir m&uacute;ltiples visitas, puede desestabilizarlo, como cuidador debe estar atento a estas posibilidades.&nbsp;</li>\r\n\t<li>Intente disminuir el trabajo de la memoria de la persona, por ejemplo escriba recordatorios, mantenga los objetos en el mismo lugar, ponga alarmas, entre otros.&nbsp;</li>\r\n\t<li>Evite convencer a la persona de que lo que dice no es cierto, tiene que recordar que para el adulto con demencia la vivencia es real.&nbsp;</li>\r\n\t<li>Por ejemplo, si la persona cree que una luz es fuego, no insista en que este no lo es.&nbsp;</li>\r\n\t<li>Intente apagarlo con alg&uacute;n elemento para tranquilizar al paciente y cambie el foco de la conversaci&oacute;n.&nbsp;</li>\r\n\t<li>En caso que la persona repita una y otra vez lo mismo, intente cambiar el tema de conversaci&oacute;n.&nbsp;</li>\r\n\t<li>Oriente permanentemente a la persona en la realidad, tenga un calendario con la fecha marcada o una pizarra con informaci&oacute;n importante.&nbsp;</li>\r\n\t<li>Incentive al adulto mayor a realizar actividades placenteras como salir a caminar, hacer tareas dom&eacute;sticas de su agrado, escuchar m&uacute;sica, entre otros.&nbsp;</li>\r\n\t<li>Es importante en este punto que las actividades que realice fomenten su autonom&iacute;a por el mayor tiempo posible, pero no debe solicitar que realice actividades que ya no es capaz de hacer.</li>\r\n\t<li>Puede aumentar la frustraci&oacute;n del adulto mayor.&nbsp;</li>\r\n\t<li>Mantenga un ambiente familiar (No realizar mayores cambios en la casa, minimizar objetos distractores, evitar reuniones familiares con mucha gente a la vez, reduzca la cantidad de ruidos, etc.).&nbsp;</li>\r\n\t<li>Mantenga las necesidades b&aacute;sicas de la persona con demencia satisfecha.&nbsp;</li>\r\n\t<li>Junto a un m&eacute;dico chequeen de forma permanente los medicamentos que usa el paciente, como as&iacute; tambi&eacute;n si requiere alg&uacute;n dispositivo, como lentes y/o aud&iacute;fonos.</li>\r\n\t<li>Es importante que el cuidador, en conjunto con la familia, haga planes sobre el futuro en los siguientes temas:\r\n\t<ul>\r\n\t\t<li>Vivienda: Si su familiar vive solo, debe asegurarse que est&eacute; seguro, si ya no puede vivir por su cuenta, necesita hacer un plan:&nbsp;</li>\r\n\t\t<li>Contratar a alguien para que viva con &eacute;l, que el adulto mayor se vaya a vivir con alguno de los familiares o institucionalizarlo.</li>\r\n\t\t<li>Toma de decisiones: Si el adulto mayor a&uacute;n puede, debe elegir un apoderado. Si el avance de la enfermedad ya no lo permite.</li>\r\n\t\t<li>Esta decisi&oacute;n la debe tomar la familia, pero es importante que exista alguien que tome las decisiones por el paciente cuando &eacute;l ya no pueda hacerlo.</li>\r\n\t\t<li>Dinero: A medida que empeora la enfermedad, las personas tienen problemas para comprender como administrar el dinero, por lo que necesitar&aacute; ayuda en este tema.</li>\r\n\t\t<li>Conducci&oacute;n de autom&oacute;viles: Si la persona mayor que usted cuida a&uacute;n conduce, debe hablar con el m&eacute;dico cuando es el momento de dejar de hacerlo.</li>\r\n\t\t<li>Mantenga la casa como un lugar seguro: pasillos libres de obst&aacute;culos, quite las alfombras sueltas, coloque una baranda en la ba&ntilde;era o la ducha.&nbsp;</li>\r\n\t\t<li>Coloque trabas para ni&ntilde;os en las alacenas con elementos peligrosos como f&oacute;sforos, medicinas o cuchillos.</li>\r\n\t\t<li>Si la conducta de la persona que cuida cambia de forma repentina y s&uacute;bita, es importante que lo lleve al m&eacute;dico, porque pudiese significar que est&eacute; cursando con una enfermedad aguda como por ejemplo una infecci&oacute;n.&nbsp;</li>\r\n\t\t<li>En las personas mayores con demencia, las infecciones pueden manifestarse s&oacute;lo con un cambio de conducta y no con los s&iacute;ntomas cl&aacute;sicos como fiebre o problemas respiratorios.<br />\r\n\t\t&nbsp;</li>\r\n\t</ul>\r\n\t</li>\r\n</ul>", "fecha_creacion": "2020-11-23T03:25:15.908Z"}}, {"model": "content.detalletema", "pk": 14, "fields": {"creado_por": 1, "tema": 14, "subtopico": null, "topico": 4, "descripcion": "<ul>\r\n\t<li>Los pacientes que sufren de alguna demencia deben tener evaluaciones peri&oacute;dicas con un equipo multidisciplinario (m&eacute;dico, terapeutas ocupacionales, psic&oacute;logos, kinesi&oacute;logos, etc.).&nbsp;</li>\r\n\t<li>Los cuidadores principales requieren recibir educaci&oacute;n permanente en el manejo de estos trastornos. Es aconsejable el asistir a cursos o talleres.&nbsp;</li>\r\n\t<li>Los trastornos conductuales son recurrentes y de dif&iacute;cil manejo, por lo tanto, es importante instaurar metas realistas de control. &nbsp;</li>\r\n\t<li>Por ejemplo, una buena meta es disminuir la severidad y la frecuencia, pero no esperar eliminar la conducta.</li>\r\n\t<li>Los cambios de conducta de la persona con demencia son dif&iacute;ciles de entender y de sobrellevar por su cuidador, pueden generar malos entendidos y sentimientos de verg&uuml;enza en la persona que cuida.&nbsp;</li>\r\n\t<li>Comprenda que estos trastornos son por la enfermedad, el adulto mayor no lo hace a prop&oacute;sito.&nbsp;</li>\r\n\t<li>No existen hasta la fecha medicamentos espec&iacute;ficos para curar estos s&iacute;ntomas.</li>\r\n\t<li>Seg&uacute;n el trastorno que el paciente presente, su m&eacute;dico podr&aacute; indicar f&aacute;rmacos que ayuden (pero no curen) a controlarlo, mas no extinguir&aacute;n de forma definitiva la conducta.&nbsp;</li>\r\n\t<li>Por ello es fundamental que el cuidador conozca los trastornos y tenga herramientas no farmacol&oacute;gicas para intentar controlarlos.</li>\r\n\t<li>Un primer paso es que el cuidador sea capaz de describir la conducta problem&aacute;tica a los funcionarios de salud.&nbsp;</li>\r\n\t<li>Para ello, puede ayudarse de un diario en que describa:&nbsp;</li>\r\n\t<li>El problema dentro de un contexto (cu&aacute;ndo, qu&eacute; cosa, en qu&eacute; lugar), dentro de un entorno social y f&iacute;sico.&nbsp;</li>\r\n\t<li>Cu&aacute;l fue la perspectiva del paciente y cu&aacute;nto estr&eacute;s produjo tanto para el paciente como para el cuidador.</li>\r\n\t<li>El segundo paso es investigar las posibles causas del trastorno de conducta, estas pueden ser por ejemplo:&nbsp;</li>\r\n\t<li>Cambio en los medicamentos, dolor, alguna enfermedad aguda, limitaciones funcionales, falta de sue&ntilde;o, alteraciones de la visi&oacute;n o audici&oacute;n, miedo o aburrimiento.</li>\r\n\t<li>Un tercer paso es crear un plan de tratamiento en conjunto los cuidadores con el personal de salud.&nbsp;</li>\r\n\t<li>En este plan se puede incluir dar soluci&oacute;n a los problemas f&iacute;sicos, desarrollar intervenciones como educar a los cuidadores o mejorar la comunicaci&oacute;n entre el cuidador y el paciente.</li>\r\n\t<li>Desarrollar actividades que tengan sentido para el paciente, simplificar las tareas, fomentar un ambiente seguro y aumentar o disminuir la estimulaci&oacute;n del ambiente seg&uacute;n sea necesario.&nbsp;</li>\r\n\t<li>Finalmente, siempre es necesario estar evaluando si las intervenciones que se han implementado, son y siguen siendo efectivas.&nbsp;</li>\r\n\t<li>De no ser as&iacute;, se debe replantear la intervenci&oacute;n.&nbsp;</li>\r\n\t<li>Algunas estrategias para el manejo de trastornos conductuales son:\r\n\t<ul>\r\n\t\t<li>Intentar realizar actividades que previamente hayan sido de inter&eacute;s del paciente.&nbsp;</li>\r\n\t\t<li>Animar a realizar actividades que sean repetitivas, como doblar toallas u ordenar botones.</li>\r\n\t</ul>\r\n\t</li>\r\n\t<li>Como cuidador, debe intentar:\r\n\t<ul>\r\n\t\t<li>Relajar las reglas, por ejemplo, el ba&ntilde;o no necesariamente tiene que ser todos los d&iacute;as.</li>\r\n\t\t<li>Evitar la confrontaci&oacute;n o el intento de razonar con el paciente.</li>\r\n\t\t<li>Autocuidarse. Es importante encontrar oportunidades para tomar un respiro.</li>\r\n\t</ul>\r\n\t</li>\r\n\t<li>Con respecto a la comunicaci&oacute;n, tenga en mente:\r\n\t<ul>\r\n\t\t<li>Dar al paciente un tiempo suficiente para responder a las preguntas.</li>\r\n\t\t<li>Dar &oacute;rdenes simples de uno o dos pasos.</li>\r\n\t\t<li>Permanecer calmado, no gritar ni usar un tono severo.</li>\r\n\t\t<li>Ofrecer opciones simples, no m&aacute;s de dos.</li>\r\n\t\t<li>Si el paciente lo permite, calmar con un ligero toque.&nbsp;</li>\r\n\t\t<li>Cuando el paciente ya no es capaz de recordar nombres, siempre identificarse asimismo y a los otros.</li>\r\n\t\t<li>Ayudar al paciente cuando le cuesta encontrar la palabra para expresarse.</li>\r\n\t</ul>\r\n\t</li>\r\n\t<li>En cuanto al ambiente, recuerde:\r\n\t<ul>\r\n\t\t<li>Mantener un ambiente ordenado, libre de objetos innecesarios.</li>\r\n\t\t<li>Utilizar etiquetas visuales, como por ejemplo flechas que apunten el ba&ntilde;o.</li>\r\n\t\t<li>Eliminar el ruido y distracciones siempre que sea posible.</li>\r\n\t\t<li>Mejorar el ambiente si este es aburrido y falto de inter&eacute;s.&nbsp;</li>\r\n\t</ul>\r\n\t</li>\r\n\t<li>Intente Simplificar tareas:\r\n\t<ul>\r\n\t\t<li>Convierta las tareas en pasos simples.</li>\r\n\t\t<li>Y cree rutinas diarias que sean predecibles para el paciente.</li>\r\n\t</ul>\r\n\t</li>\r\n</ul>", "fecha_creacion": "2020-11-23T03:28:47.997Z"}}, {"model": "content.detalletema", "pk": 15, "fields": {"creado_por": 1, "tema": 15, "subtopico": null, "topico": 4, "descripcion": "<p>A continuaci&oacute;n le presentar&eacute; algunos ejemplos de conductas con las que quiz&aacute;s deba tratar, y c&oacute;mo puede enfrentarse a ellas.&nbsp;</p>\r\n\r\n<ul>\r\n\t<li>El paciente escucha voces.</li>\r\n\t<li>El paciente vagabundea.</li>\r\n\t<li>El paciente no duerme en la noche.</li>\r\n\t<li>El paciente repite las mismas preguntas.&nbsp;</li>\r\n\t<li>Agresi&oacute;n.</li>\r\n\t<li>La persona que cuida no come lo suficiente.</li>\r\n</ul>\r\n\r\n<p><br />\r\n&nbsp;</p>", "fecha_creacion": "2020-11-23T03:31:40.830Z"}}, {"model": "content.detalletema", "pk": 16, "fields": {"creado_por": 1, "tema": 16, "subtopico": null, "topico": 5, "descripcion": "<ul>\r\n\t<li>Una persona es dependiente cuando:&nbsp;\r\n\t<ul>\r\n\t\t<li>Requiere de los cuidados y atenciones de otra de forma m&aacute;s o menos continuada.&nbsp;</li>\r\n\t\t<li>O requiere ayudas t&eacute;cnicas (silla de ruedas, andador, etc.) para realizar actos de su vida cotidiana como caminar, trasladarse, vestirse, comer, acceder a bienes o servicios, etc.&nbsp;</li>\r\n\t</ul>\r\n\t</li>\r\n\t<li>Algunos de los factores que desencadenan dependencia son:\r\n\t<ul>\r\n\t\t<li>Deterioro por enfermedades cr&oacute;nicas como artrosis, enfermedades cardiovasculares, enfermedades pulmonares, demencias, o enfermedad de Parkinson.</li>\r\n\t\t<li>Limitaciones sensoriales en la audici&oacute;n o la vista.</li>\r\n\t\t<li>Enfermedades psiqui&aacute;tricas.</li>\r\n\t\t<li>C&aacute;ncer.</li>\r\n\t\t<li>Alteraciones neurol&oacute;gicas graves.</li>\r\n\t\t<li>Un entorno f&iacute;sico con barreras arquitect&oacute;nicas y escasez de ayuda como no tener accesos para personas que usan silla de ruedas, no adaptar los lugares para personas con dificultades de desplazamiento, etc.&nbsp;</li>\r\n\t\t<li>Las actitudes y comportamientos de las personas cercanas pueden favorecer o limitar la autonom&iacute;a de un adulto mayor (limitar su capacidad de controlar su vida y tomar sus propias decisiones).&nbsp;</li>\r\n\t\t<li>Por ejemplo, impedir que las personas mayores ayuden en la casa aunque tengan la capacidad de hacerlo.</li>\r\n\t</ul>\r\n\t</li>\r\n</ul>", "fecha_creacion": "2020-11-23T03:38:10.155Z"}}, {"model": "content.detalletema", "pk": 17, "fields": {"creado_por": 1, "tema": 17, "subtopico": null, "topico": 5, "descripcion": "<ul>\r\n\t<li>Para entender c&oacute;mo se mide la dependencia, hay que comprender lo que significa el t&eacute;rmino funcionalidad.&nbsp;</li>\r\n\t<li>La funcionalidad es la capacidad para realizar por s&iacute; mismo distintas actividades de m&aacute;s o menos complejidad de la vida diaria.&nbsp;</li>\r\n\t<li>Hay actividades que son b&aacute;sicas, es decir, elementales para el auto cuidado. Dentro de estas est&aacute;n:&nbsp;\r\n\t<ul>\r\n\t\t<li>Comer, asearse, vestirse, trasladarse dentro del hogar, ser capaz de acostarse y levantarse, usar el retrete y ba&ntilde;arse.&nbsp;</li>\r\n\t\t<li>Tambi&eacute;n hay actividades que permiten que la persona mantenga una independencia dentro de la comunidad, estas se denominan actividades instrumentales de la vida diaria.&nbsp;</li>\r\n\t\t<li>Dentro de estas est&aacute;n por ejemplo, realizar las tareas del hogar, manejar los medicamentos, salir de la casa, usar el transporte p&uacute;blico, manejar dinero, usar el tel&eacute;fono.&nbsp;</li>\r\n\t\t<li>Entonces el grado de dependencia se mide seg&uacute;n en qu&eacute; actividades el individuo requiere asistencia.&nbsp;</li>\r\n\t\t<li>Si requiere asistencia s&oacute;lo para las actividades instrumentales, su nivel de dependencia es menos grave.&nbsp;</li>\r\n\t\t<li>Si requiere asistencia para las actividades b&aacute;sicas de la vida diaria, entonces existe un nivel de dependencia m&aacute;s severo.</li>\r\n\t\t<li>Es importante que, como cuidador, NO MINIMICE las ayudas que se otorgan al adulto mayor.&nbsp;</li>\r\n\t\t<li>Es importante que el profesional que lo atiende pueda determinar cu&aacute;l es el grado de dependencia y sugerir el mejor plan de manejo.&nbsp;</li>\r\n\t\t<li>Para ser independiente el adulto mayor debe comer por su cuenta lo que se encuentre al alcance de su mano.&nbsp;</li>\r\n\t\t<li>Si necesita ayuda para cortar la carne, para extender la mantequilla en el pan, para usar condimentos u otro problema, ya no es independiente.&nbsp;</li>\r\n\t\t<li>Otro ejemplo es vestirse y desvestirse, para ser independiente en este &iacute;tem, debe incluirse el uso de botones, cierres, cordones, entre otros.<br />\r\n\t\t&nbsp;</li>\r\n\t</ul>\r\n\t</li>\r\n</ul>", "fecha_creacion": "2020-11-23T03:40:25.854Z"}}, {"model": "content.detalletema", "pk": 18, "fields": {"creado_por": 1, "tema": 18, "subtopico": null, "topico": 5, "descripcion": "<p>Algunas de las conductas que pueden favorecer la dependencia son:</p>\r\n\r\n<ul>\r\n\t<li>Realizar cosas por ellos que a&uacute;n son capaces de hacer, aunque sea de manera parcial.&nbsp;</li>\r\n\t<li>Por ejemplo, si la persona puede vestirse, aunque sea lentamente, el cuidador NO debe hacerlo por el/la para evitarle dificultades.&nbsp;</li>\r\n\t<li>Si lo hace no le da la oportunidad de demostrar su independencia en esta tarea, y si este hecho se produce de forma repetida provoca que se pierda la habilidad por desuso.</li>\r\n\t<li>Amonestar o criticar al adulto mayor por haberse comportado con independencia en tareas que a&uacute;n puede realizar.&nbsp;</li>\r\n\t<li>Por ejemplo, el cuidador est&aacute; ocupado y la persona mayor se levanta sin ayuda para cambiar de asiento, no se deber&iacute;a recriminar por no haber pedido ayuda, sino estimular el logro.</li>\r\n\t<li>No reconocer el esfuerzo de una persona mayor cuando realiza una actividad en la que demuestra su autonom&iacute;a.&nbsp;</li>\r\n\t<li>Es importante elogiar estas actividades para que no dejen de realizarse.</li>\r\n</ul>", "fecha_creacion": "2020-11-23T03:41:48.858Z"}}, {"model": "content.detalletema", "pk": 19, "fields": {"creado_por": 1, "tema": 19, "subtopico": null, "topico": 5, "descripcion": "<ul>\r\n\t<li>Para prevenir la dependencia es importante optimizar la capacidad f&iacute;sica y mental de un individuo.&nbsp;</li>\r\n\t<li>En este punto han demostrado beneficios el realizar ejercicio de manera regular y el apoyo nutricional.&nbsp;</li>\r\n\t<li>Adem&aacute;s hay que prevenir y tratar aquellas condiciones y enfermedades que aumentan el riesgo de dependencia (ya descritas).</li>\r\n\t<li>Si el adulto mayor puede explicarse por s&iacute; mismo, no hable por el/la. Acuda a m&eacute;dico para corregir discapacidades visuales o auditivas que presente el adulto mayor.&nbsp;</li>\r\n\t<li>Al hablar con personas que usan sillas de ruedas, ocupe una silla para ponerse al mismo nivel de los ojos del otro y as&iacute; facilitar la conversaci&oacute;n.&nbsp;</li>\r\n\t<li>Mantenga los dispositivos como silla de ruedas, bastones, lentes, aud&iacute;fonos u otros, cerca del alcance de la persona que los usa.&nbsp;</li>\r\n\t<li>No empuje una silla de ruedas sin preguntarle primero al ocupante si le da permiso de hacerlo.&nbsp;</li>\r\n\t<li>Mantenga despejados los pasillos para favorecer la movilidad de los adultos mayores.&nbsp;</li>\r\n\t<li>Est&eacute; alerta de las posibles barreras arquitect&oacute;nicas del ambiente.&nbsp;</li>\r\n\t<li>Por ejemplo, falta de rampa de acceso, escaleras muy pronunciadas, trayectos largos que se recorrer&aacute;n a pie que no cuenten con sitios de descanso (bancas).&nbsp;</li>\r\n\t<li>Para personas que caminan despacio o que usan bast&oacute;n, ajustar el paso al del adulto mayor. Evite los empujones.&nbsp;</li>\r\n\t<li>Ay&uacute;delo si tiene que transportar objetos o paquetes.&nbsp;</li>\r\n\t<li>Si la persona tiene alteraciones visuales, y precisa de nuestra ayuda, ofrezca el brazo y camine ligeramente por delante.&nbsp;</li>\r\n\t<li>Advierta los posibles obst&aacute;culos que se encuentren en el camino, y no dejarla sola sin comunic&aacute;rselo antes.</li>\r\n\t<li>Para personas con discapacidad auditiva, dirigirse a ella cuando lo est&eacute; mirando, hablar despacio y claramente, modular bien, no gritar.&nbsp;</li>\r\n\t<li>Se recomienda evaluar al paciente mayor de forma multidisciplinaria (m&eacute;dicos, geriatras, kinesi&oacute;logos, enfermeras, psic&oacute;logos, nutricionistas) y trabajar en conjunto con sus cuidadores y con la sociedad para lograr los mayores beneficios.<br />\r\n\t&nbsp;</li>\r\n</ul>", "fecha_creacion": "2020-11-23T03:44:01.160Z"}}, {"model": "content.detalletema", "pk": 20, "fields": {"creado_por": 1, "tema": 20, "subtopico": null, "topico": 6, "descripcion": "<ul>\r\n\t<li>Es frecuente que las personas mayores tengan problemas con la visi&oacute;n. Esto conlleva a limitar su funcionamiento y afectar su seguridad.&nbsp;</li>\r\n\t<li>Los adultos mayores tienen mayor dificultad para ver en la penumbra, tienen m&aacute;s vicios de refracci&oacute;n (miop&iacute;a, astigmatismo).&nbsp;</li>\r\n\t<li>Presentan presbicia, que es la dificultad para ver de cerca y desarrollan m&aacute;s cataratas, las que hacen que vean borroso.&nbsp;</li>\r\n\t<li>Los adultos mayores disminuyen la producci&oacute;n de l&aacute;grimas, pero adem&aacute;s se altera el drenaje de estas, por lo que es frecuente que tengan los ojos h&uacute;medos.&nbsp;</li>\r\n\t<li>Los p&aacute;rpados se vuelven fl&aacute;ccidos, y el p&aacute;rpado inferior se puede ir hacia afuera (ectropi&oacute;n) o hacia adentro (entropi&oacute;n).&nbsp;</li>\r\n\t<li>Puede aparecer un aro blanquecino en la periferia de la c&oacute;rnea llamado arco senil, esto es por dep&oacute;sito de colesterol.&nbsp;</li>\r\n\t<li>En las personas mayores disminuye la sensibilidad al &nbsp;contraste, siendo necesario aumentar el contraste para distinguir entre el objetivo y el fondo.&nbsp;</li>\r\n\t<li>Esto hay que tenerlo en consideraci&oacute;n en el dise&ntilde;o del espacio en el que vive el adulto mayor.</li>\r\n\t<li>Con la edad disminuye la audici&oacute;n, especialmente para los sonidos m&aacute;s agudos.</li>\r\n\t<li>A esto se le llama presbiacusia, la que dificulta la capacidad de reconocer un discurso en ambientes ruidosos, y la capacidad de reconocer la fuente de un sonido.&nbsp;</li>\r\n\t<li>Muchos adultos mayores que dicen no escuchar en realidad no entienden lo que se les est&aacute; diciendo, porque se altera la discriminaci&oacute;n de las palabras.</li>\r\n\t<li>Con la edad, el cerumen se vuelve m&aacute;s seco, aumentando el riesgo de formar tapones.&nbsp;</li>\r\n\t<li>La p&eacute;rdida de audici&oacute;n lleva al aislamiento social, aumentando los riesgos de desorientaci&oacute;n, la depresi&oacute;n, los problemas de memoria, y finalmente deteriorando la calidad de vida.<br />\r\n\t&nbsp;</li>\r\n</ul>", "fecha_creacion": "2020-11-23T03:48:15.335Z"}}, {"model": "content.detalletema", "pk": 21, "fields": {"creado_por": 1, "tema": 21, "subtopico": null, "topico": 6, "descripcion": "<ul>\r\n\t<li>Reconozca si la persona a su cuidado comienza a perder la capacidad visual para llevarla a un control con un oftalm&oacute;logo. Adem&aacute;s se sugiere realizar un chequeo a la vista sobre los 70 a&ntilde;os.</li>\r\n\t<li>Para las personas que tienen problemas de audici&oacute;n, se debe realizar un chequeo m&eacute;dico.&nbsp;</li>\r\n\t<li>Es necesario valorar si se debe des impactar un tap&oacute;n de cerumen, o realizar un examen de audici&oacute;n (audiometr&iacute;a).&nbsp;</li>\r\n\t<li>El examen determinar&aacute; si es necesario el uso de un aud&iacute;fono.&nbsp;</li>\r\n\t<li>Ante personas mayores que tienen problemas de audici&oacute;n, debe recordar hablarles de frente, lenta y moduladamente y no gritar.&nbsp;</li>\r\n\t<li>Es mejor replantear una frase que no es entendida antes que pronunciar la misma frase a un mayor volumen.</li>\r\n\t<li>Al aumentar el volumen, aumenta la agudeza y al anciano se le dificulta a&uacute;n m&aacute;s la audici&oacute;n.</li>\r\n\t<li>Otra medida importante en las personas mayores con problemas de audici&oacute;n es evitar hablarles cuando hay mucho ruido ambiental.&nbsp;</li>\r\n\t<li>En este sentido, estando en la casa es m&aacute;s f&aacute;cil que entiendan si la televisi&oacute;n y la radio est&aacute; apagada, no hay gente gritando, etc.</li>\r\n</ul>", "fecha_creacion": "2020-11-23T03:50:05.747Z"}}, {"model": "content.detalletema", "pk": 22, "fields": {"creado_por": 1, "tema": 22, "subtopico": null, "topico": 7, "descripcion": "<ul>\r\n\t<li>A medida que se envejece, las personas presentan una mejor capacidad para manejar sus emociones, son m&aacute;s positivos y aceptan de forma m&aacute;s r&aacute;pida lo que les ocurre en la vida.&nbsp;</li>\r\n\t<li>Al tomar consciencia de acercarse a las etapas finales de la vida, focalizan sus metas principalmente en la vida afectiva como v&iacute;nculos con la familia, relaciones sociales, etc.</li>\r\n\t<li>Los adultos mayores se ven enfrentados a m&uacute;ltiples cambios, uno de los m&aacute;s importantes es la jubilaci&oacute;n.&nbsp;</li>\r\n\t<li>La jubilaci&oacute;n implica una adaptaci&oacute;n de la persona a nuevas actividades y a reorganizar la vida.&nbsp;</li>\r\n\t<li>Dependiendo del rol que cumpla la persona en la sociedad, la jubilaci&oacute;n puede tener un impacto positivo o negativo.&nbsp;</li>\r\n\t<li>Por ejemplo, para un hombre que es jefe de familia, la jubilaci&oacute;n puede tener un impacto negativo al perder el rol de proveedor de recursos al grupo familiar.&nbsp;</li>\r\n\t<li>Al contrario, una mujer, que ha debido durante su vida adulta repartir su rol de cuidadora en el hogar, con el trabajo, la jubilaci&oacute;n pudiese tener un impacto m&aacute;s positivo al darle tiempo en su hogar.&nbsp;</li>\r\n\t<li>La jubilaci&oacute;n o retiro deber&iacute;a ser un proceso paulatino en el que las personas tengan tiempo de prepararse.&nbsp;</li>\r\n\t<li>Adem&aacute;s, en nuestro pa&iacute;s, la jubilaci&oacute;n se acompa&ntilde;a generalmente a una reducci&oacute;n de los ingresos familiares, lo que tiene un impacto negativo en la persona jubilada.&nbsp;</li>\r\n\t<li>Muchas veces los adultos mayores deben continuar trabajando para mantener un ingreso familiar.</li>\r\n\t<li>Otro cambio social importante que viven las personas mayores son los duelos. La p&eacute;rdida del c&oacute;nyuge, de amigos cercanos, de familiares, etc.&nbsp;</li>\r\n\t<li>En algunos casos, la p&eacute;rdida de la pareja puede significar una afectaci&oacute;n en la independencia y el rol en la familia, ya que en muchos casos estas personas se van a vivir con sus hijos.</li>\r\n\t<li>Los duelos pueden traer un sentimiento de soledad al individuo, las consecuencias de esta pueden ser la malnutrici&oacute;n y la mayor incidencia de trastornos afectivos.&nbsp;</li>\r\n\t<li>Otro problema tiene referencia con la falta de acondicionamiento de las viviendas y de los entornos a los d&eacute;ficits funcionales que van desarrollando las personas mayores.&nbsp;</li>\r\n\t<li>Esto traer&aacute; como consecuencia el aislamiento de la persona mayor.&nbsp;</li>\r\n\t<li>La actitud de la sociedad hacia los ancianos puede influir positiva o negativamente en su desarrollo.</li>\r\n\t<li>La sociedad puede considerar el envejecimiento como una enfermedad, como una disminuci&oacute;n de la capacidad.&nbsp;</li>\r\n\t<li>Tender a infantilizar a los adultos mayores y a tomar decisiones sin considerar sus opiniones.&nbsp;</li>\r\n\t<li>Por otro lado, pueden considerar a las personas mayores como en una etapa dorada, de sabidur&iacute;a y tranquilidad.</li>\r\n\t<li>Ambas concepciones pueden perjudicar al adulto mayor, llev&aacute;ndolo al aislamiento y a no expresar sus emociones.</li>\r\n</ul>", "fecha_creacion": "2020-11-23T03:52:10.858Z"}}, {"model": "content.detalletema", "pk": 23, "fields": {"creado_por": 1, "tema": 23, "subtopico": null, "topico": 7, "descripcion": "<ul>\r\n\t<li>&nbsp;La depresi&oacute;n es una enfermedad frecuente en las personas mayores.&nbsp;</li>\r\n\t<li>La edad no es el factor &uacute;nico relacionado con el aumento de la prevalencia de depresi&oacute;n en los adultos mayores.&nbsp;</li>\r\n\t<li>La disminuci&oacute;n de la funcionalidad y las enfermedades que acompa&ntilde;an al adulto mayor (trastornos de la memoria, enfermedades cardiovasculares, hipoacusia, etc.) guarda mayor relaci&oacute;n con el desarrollo de trastornos depresivos.</li>\r\n\t<li>Generalmente la depresi&oacute;n en los adultos mayores es sub-diagnosticada por parte del equipo de salud, ya que los mayores no siempre expresan su tristeza, a pesar de sentirla.&nbsp;</li>\r\n\t<li>Tienden a minimizar los problemas psicol&oacute;gicos, y muchas veces explican los s&iacute;ntomas de la depresi&oacute;n como parte de otras enfermedades f&iacute;sicas.</li>\r\n\t<li>Hay que estar atento ante:&nbsp;\r\n\t<ul>\r\n\t\t<li>El aumento de dolores f&iacute;sicos (musculares, de cabeza, articulares, de est&oacute;mago).</li>\r\n\t\t<li>Irritabilidad.</li>\r\n\t\t<li>Falta de inter&eacute;s, de motivaci&oacute;n, o de entusiasmo.</li>\r\n\t\t<li>Tristeza.</li>\r\n\t\t<li>Fatiga, disminuci&oacute;n de la energ&iacute;a y cansancio.</li>\r\n\t\t<li>Alteraciones en el apetito.</li>\r\n\t\t<li>Alteraciones en el sue&ntilde;o.</li>\r\n\t\t<li>Problemas en la memoria.</li>\r\n\t\t<li>Aislamiento del grupo familiar.</li>\r\n\t\t<li>Baja autoestima.</li>\r\n\t</ul>\r\n\t</li>\r\n\t<li>Todos estos s&iacute;ntomas y signos, sobre todo si no tienen otra causa que lo explique (otra enfermedad evidente, duelo, etc.) pudiesen constituir s&iacute;ntomas de una depresi&oacute;n.&nbsp;</li>\r\n\t<li>El diagn&oacute;stico lo hace el m&eacute;dico qui&eacute;n puede indicar un tratamiento que generalmente son medicamentos y terapia psicol&oacute;gica, en algunos casos.&nbsp;</li>\r\n\t<li>Es importante tratar la depresi&oacute;n en los adultos mayores ya que esta se asocia a un aumento del riesgo de demencia.</li>\r\n\t<li>La ansiedad es un estado de preocupaci&oacute;n y miedo constantes ante diversos est&iacute;mulos externos. Tiene gran relevancia, pero es sub-estimada en las personas mayores.&nbsp;</li>\r\n\t<li>Genera gran impacto en la salud y en la vida de los pacientes, porque aumenta las complicaciones m&eacute;dicas, reduce la calidad de vida, aumenta el riesgo de incapacidad funcional y deteriora la memoria.</li>\r\n\t<li>Existen factores que aumentan el riesgo de sufrir trastornos ansiosos.&nbsp;</li>\r\n\t<li>Por ejemplo, ser mujer, tener enfermedades cr&oacute;nicas, tener alguna discapacidad, que ocurran eventos estresantes como duelos, jubilaci&oacute;n, institucionalizaci&oacute;n, ser soltero, divorciado o separado.</li>\r\n\t<li>Hay que estar atento ante los siguientes s&iacute;ntomas que pudiesen ser manifestaci&oacute;n de un trastorno ansioso:\r\n\t<ul>\r\n\t\t<li>Dolores (de cabeza, de pecho, etc.) sin una enfermedad f&iacute;sica que los origine.</li>\r\n\t\t<li>Irritabilidad, tendencia a enojarse por cualquier cosa.</li>\r\n\t\t<li>Calambres musculares frecuentes.</li>\r\n\t\t<li>Inquietud, hiperactivaci&oacute;n (como si hubiese tomado mucho caf&eacute;).</li>\r\n\t\t<li>Sensaci&oacute;n de nudo en la garganta y boca seca.</li>\r\n\t\t<li>Sentirse tenso.</li>\r\n\t\t<li>Sudoraci&oacute;n, palpitaciones, mareos, sofocos, dificultad para respirar.</li>\r\n\t\t<li>N&aacute;useas y diarrea.</li>\r\n\t\t<li>Escalofr&iacute;os, temblores en extremidades o movimientos nerviosos como reacomodarse permanentemente en la silla.</li>\r\n\t\t<li>Comer o fumar de forma compulsiva.</li>\r\n\t\t<li>Dificultad para tragar.</li>\r\n\t\t<li>Miedo exagerado.</li>\r\n\t\t<li>Sensaci&oacute;n de ser el punto de mira.</li>\r\n\t\t<li>Falta de concentraci&oacute;n y dificultad para mantener la atenci&oacute;n.</li>\r\n\t\t<li>Preocuparse por conciliar y mantener el sue&ntilde;o.</li>\r\n\t</ul>\r\n\t</li>\r\n\t<li>Ante estos s&iacute;ntomas se debe consultar a un m&eacute;dico para que eval&uacute;e si el paciente sufre alg&uacute;n trastorno ansioso e indique el tratamiento m&aacute;s adecuado.<br />\r\n\t&nbsp;</li>\r\n</ul>", "fecha_creacion": "2020-11-23T03:54:56.133Z"}}, {"model": "content.detalletema", "pk": 24, "fields": {"creado_por": 1, "tema": 24, "subtopico": null, "topico": 7, "descripcion": "<ul>\r\n\t<li>Incentive a la persona mayor a que realice por si misma aquellas actividades que sea capaz de llevar cabo.&nbsp;</li>\r\n\t<li>Mantenga siempre al alcance de la persona que cuida los dispositivos que ella use (bast&oacute;n, aud&iacute;fono, entre otros).&nbsp;</li>\r\n\t<li>Otorgue los tiempos necesarios para que realice sus tareas.&nbsp;</li>\r\n\t<li>Dele privacidad aunque sea una persona mayor dependiente, por ejemplo, golpee la puerta, explique que lo/la va a ba&ntilde;ar, vestir o cambiar pa&ntilde;al.</li>\r\n\t<li>Sepa los gustos de la persona que cuida para intentar acomodar las actividades a estos, permita que exprese su forma de ser, que use sus propias cosas como muebles y objetos.&nbsp;</li>\r\n\t<li>Permita que la persona que &nbsp;cuida se exprese y sienta valorada. En la medida que sea posible, involucre a la persona mayor en las decisiones que le afectan.&nbsp;</li>\r\n\t<li>No infantilice a la persona mayor, recuerde que es un adulto y no un ni&ntilde;o, en este sentido evite hablarle como si fuese un beb&eacute; o hablar en plural -Vamos a ba&ntilde;arnos-.&nbsp;</li>\r\n\t<li>Pida permiso usando frases como -&iquest;Le parece que le ayude con su aseo?-.</li>\r\n\t<li>Evite gritar, recuerde que es m&aacute;s eficaz modular mejor.&nbsp;</li>\r\n\t<li>En la medida que se pueda incentive a la persona a participar de grupos sociales (grupos de adulto mayor, voluntariados, grupos religiosos).</li>\r\n\t<li>Si la persona posee una creencia religiosa, o cultiva la espiritualidad de otra forma, debe ser incentivada a continuarlo ya que aumenta la sensaci&oacute;n de bienestar.<br />\r\n\t&nbsp;</li>\r\n</ul>", "fecha_creacion": "2020-11-23T04:02:18.989Z"}}, {"model": "content.detalletema", "pk": 25, "fields": {"creado_por": 1, "tema": 25, "subtopico": null, "topico": 8, "descripcion": "<ul>\r\n\t<li>La incontinencia urinaria se refiere a cuando una persona tiene p&eacute;rdidas de orina o pierde el control de su vejiga.&nbsp;</li>\r\n\t<li>Es un problema com&uacute;n en los adultos mayores, pero es importante recalcar que NO es parte del envejecimiento normal.</li>\r\n\t<li>No debe limitar al adulto mayor a convivir con este problema, ya que hay tratamientos que pueden ayudarlo.&nbsp;</li>\r\n\t<li>Existen distintos tipos de incontinencia urinaria:&nbsp;\r\n\t<ul>\r\n\t\t<li>Incontinencia por esfuerzo: Las personas con esta incontinencia pierden orina cuando se r&iacute;en, tosen, estornudan o hacen algo que aumenta la presi&oacute;n en el &aacute;rea del abdomen.&nbsp;</li>\r\n\t\t<li>Esta es la incontinencia m&aacute;s com&uacute;n en las mujeres, especialmente aquellas que han tenido varios hijos.</li>\r\n\t\t<li>Incontinencia de urgencia: Las personas con este problema sienten una fuerte necesidad de orinar de forma repentina. Muchas veces la urgencia es tan grande que no alcanzan a llegar al ba&ntilde;o.</li>\r\n\t\t<li>Incontinencia mixta: Este tipo tiene caracter&iacute;sticas de las dos previas.</li>\r\n\t\t<li>Incontinencia por no vaciar completamente la vejiga: Algunos hombres no pueden vaciar la vejiga por completo cuando orinan.&nbsp;<br />\r\n\t\t&nbsp;</li>\r\n\t</ul>\r\n\t</li>\r\n</ul>", "fecha_creacion": "2020-11-23T04:07:52.370Z"}}, {"model": "content.detalletema", "pk": 26, "fields": {"creado_por": 1, "tema": 26, "subtopico": null, "topico": 8, "descripcion": "<ul>\r\n\t<li>Ya que la incontinencia no es normal, debe siempre consultar con su m&eacute;dico.&nbsp;</li>\r\n\t<li>Eventualmente este pedir&aacute; algunos ex&aacute;menes e indicar&aacute;, en caso que lo amerite, alguna opci&oacute;n de tratamiento que pueden ser medicamentos, cirug&iacute;a, ejercicios, etc.&nbsp;</li>\r\n\t<li>Las personas con incontinencia pueden recobrar el control de la vejiga, o al menos, reducir las p&eacute;rdidas.</li>\r\n\t<li>Hay cosas que se pueden hacer para reducir las p&eacute;rdidas de orina, entre estas:\r\n\t<ul>\r\n\t\t<li>Reducir la cantidad de l&iacute;quido que se bebe antes de acostarse.</li>\r\n\t\t<li>Disminuir alimentos o bebidas que empeoren los s&iacute;ntomas. En algunas personas estos son el alcohol, la cafe&iacute;na, los alimentos picantes y los alimentos &aacute;cidos.</li>\r\n\t\t<li>Mantener un peso adecuado.</li>\r\n\t\t<li>Si el adulto mayor tiene diabetes, hay que mantenerla bien controlada.</li>\r\n\t\t<li>Si el adulto mayor toma medicamentos para eliminar l&iacute;quido (diur&eacute;ticos), debe tomar las precauciones necesarias.&nbsp;</li>\r\n\t\t<li>Por ejemplo tomarlas cuando sepa que estar&aacute; cerca de un ba&ntilde;o. En este punto es importante, adem&aacute;s, consultar con el m&eacute;dico si este medicamento es estrictamente necesario.<br />\r\n\t\t&nbsp;</li>\r\n\t</ul>\r\n\t</li>\r\n</ul>", "fecha_creacion": "2020-11-23T04:09:29.170Z"}}, {"model": "content.detalletema", "pk": 27, "fields": {"creado_por": 1, "tema": 27, "subtopico": null, "topico": 8, "descripcion": "<ul>\r\n\t<li>La incontinencia fecal se refiere a cuando una persona pierde el control de sus evacuaciones.&nbsp;</li>\r\n\t<li>Las p&eacute;rdidas pueden ser s&oacute;lidas o l&iacute;quidas. Tambi&eacute;n se puede incluir el escape involuntario de gases.&nbsp;</li>\r\n\t<li>La incontinencia fecal produce verg&uuml;enza y estr&eacute;s. Las personas tienden a quedarse en casa por el temor de sufrir accidentes.&nbsp;</li>\r\n\t<li>Este problema NO es algo normal de la vejez, por lo tanto, debe ser informado a su m&eacute;dico para realizar un estudio.<br />\r\n\t&nbsp;</li>\r\n</ul>", "fecha_creacion": "2020-11-23T04:10:45.357Z"}}, {"model": "content.detalletema", "pk": 28, "fields": {"creado_por": 1, "tema": 28, "subtopico": null, "topico": 8, "descripcion": "<ul>\r\n\t<li>Ya que la incontinencia fecal no es normal, debe dec&iacute;rselo al m&eacute;dico.&nbsp;</li>\r\n\t<li>A veces existe temor y verg&uuml;enza para mencionarlo, pero debe recordar que es un problema m&eacute;dico real y que puede tener tratamiento.</li>\r\n\t<li>Dentro de sus capacidades, puede:\r\n\t<ul>\r\n\t\t<li>Evitar comidas que hacen que las deposiciones sean l&iacute;quidas o frecuentes.&nbsp;</li>\r\n\t\t<li>Por ejemplo, comidas picantes, con mucha grasa, cafe&iacute;na, comidas y bebidas diet&eacute;ticas y, en caso que la persona tenga problemas con los l&aacute;cteos, evitarlos.</li>\r\n\t\t<li>Consumir cantidades m&aacute;s peque&ntilde;as de comida, pero con mayor frecuencia, ya que en algunas personas, comer en mucha cantidad desencadena la necesidad de evacuar.</li>\r\n\t\t<li>Comer m&aacute;s fibra, ya que esta hace que las evacuaciones sean m&aacute;s s&oacute;lidas y grandes, y &nbsp;de esta manera, m&aacute;s f&aacute;ciles de controlar.&nbsp;</li>\r\n\t\t<li>Los alimentos con mucha fibra incluyen las frutas, verduras, las legumbres, los frutos secos y los granos.<br />\r\n\t\t&nbsp;</li>\r\n\t</ul>\r\n\t</li>\r\n</ul>", "fecha_creacion": "2020-11-23T04:11:51.710Z"}}, {"model": "content.detalletema", "pk": 29, "fields": {"creado_por": 1, "tema": 29, "subtopico": null, "topico": 8, "descripcion": "<ul>\r\n\t<li>La constipaci&oacute;n o dificultad para obtener deposiciones es un problema frecuente en los adultos mayores.&nbsp;</li>\r\n\t<li>Generalmente tiene m&uacute;ltiples causas y puede llegar a presentar complicaciones m&eacute;dicas graves.</li>\r\n\t<li>Dentro de los factores que aumentan la probabilidad de constipaci&oacute;n, se encuentran:\r\n\t<ul>\r\n\t\t<li>La inmovilidad.</li>\r\n\t\t<li>Dieta pobre en fibra.</li>\r\n\t\t<li>Algunos medicamentos.</li>\r\n\t\t<li>Enfermedades del sistema neurol&oacute;gico o endocrino.</li>\r\n\t\t<li>Enfermedades ano rectales, que causan dolor, como por ejemplo los hemorroides o las fisuras.</li>\r\n\t\t<li>C&aacute;ncer del colon y del recto.</li>\r\n\t\t<li>Enfermedades gastrointestinales como el colon irritable.</li>\r\n\t</ul>\r\n\t</li>\r\n\t<li>La constipaci&oacute;n puede tener complicaciones. La m&aacute;s frecuente es que se acumulen las heces al final del recto, lo que se denomina FECALOMA.&nbsp;</li>\r\n\t<li>Los fecalomas producen dolor y bloqueo anal para defecar.&nbsp;</li>\r\n\t<li>Los pacientes con fecaloma pueden presentar escapes de heces l&iacute;quidas en peque&ntilde;a cantidad y por REBOSAMIENTO por los lados del fecaloma.&nbsp;</li>\r\n\t<li>Un fecaloma puede ser tan grave como para llegar a producir una obstrucci&oacute;n intestinal.</li>\r\n\t<li>Otras complicaciones pueden ser que el adulto mayor pierda el apetito, presente hemorroides y fisuras o heridas en el ano.<br />\r\n\t&nbsp;</li>\r\n</ul>", "fecha_creacion": "2020-11-23T04:14:09.673Z"}}, {"model": "content.detalletema", "pk": 30, "fields": {"creado_por": 1, "tema": 30, "subtopico": null, "topico": 8, "descripcion": "<ul>\r\n\t<li>Si bien la constipaci&oacute;n es un problema frecuente en las personas mayores, debe ser siempre informada al m&eacute;dico.&nbsp;</li>\r\n\t<li>A trav&eacute;s de algunos ex&aacute;menes, el m&eacute;dico podr&aacute; discriminar si la causa del estre&ntilde;imiento es o no, producto de una enfermedad grave.&nbsp;</li>\r\n\t<li>Como cuidador, algunas acciones que puede tomar son:\r\n\t<ul>\r\n\t\t<li>Aumentar la ingesta de l&iacute;quidos y el consumo de fibra en la dieta.&nbsp;</li>\r\n\t\t<li>Se debe promover la movilidad y el ejercicio en el adulto mayor.&nbsp;</li>\r\n\t\t<li>Chequear con el m&eacute;dico si es que alguno de los f&aacute;rmacos que recibe el paciente provocan constipaci&oacute;n, de ser as&iacute;, retirarlos cuando sea posible.</li>\r\n\t\t<li>Establecer horarios regulares para defecar, idealmente aprovechar el reflejo que se produce despu&eacute;s de comer. Esto se puede acompa&ntilde;ar de masajes abdominales.</li>\r\n\t\t<li>Si el adulto mayor tiene un fecaloma, el tratamiento debe hacerlo un m&eacute;dico.&nbsp;</li>\r\n\t\t<li>El m&eacute;dico indicar&aacute; medicamentos en caso que sea necesario, como por ejemplo laxantes.<br />\r\n\t\t&nbsp;</li>\r\n\t</ul>\r\n\t</li>\r\n</ul>", "fecha_creacion": "2020-11-23T04:15:16.414Z"}}, {"model": "content.detalletema", "pk": 31, "fields": {"creado_por": 1, "tema": 31, "subtopico": null, "topico": 9, "descripcion": "<ul>\r\n\t<li>Despu&eacute;s de alcanzar en la tercera d&eacute;cada el m&aacute;ximo de masa &oacute;sea, se produce una disminuci&oacute;n progresiva en esta, la que es m&aacute;s acelerada en las mujeres despu&eacute;s de la menopausia.&nbsp;</li>\r\n\t<li>Adem&aacute;s la disminuci&oacute;n de la vitamina D, que es muy com&uacute;n en las personas mayores, acelera a&uacute;n m&aacute;s la p&eacute;rdida de hueso.&nbsp;</li>\r\n\t<li>Estos factores hacen que, con la edad, aumente el riesgo de tener fracturas.<br />\r\n\t&nbsp;</li>\r\n</ul>", "fecha_creacion": "2020-11-23T04:17:54.173Z"}}, {"model": "content.detalletema", "pk": 32, "fields": {"creado_por": 1, "tema": 32, "subtopico": null, "topico": 9, "descripcion": "<ul>\r\n\t<li>La osteoporosis es una enfermedad donde se debilitan los huesos, y por lo tanto aumentan el riesgo de quebrarse con traumatismos menores que los huesos sanos.&nbsp;</li>\r\n\t<li>Fracturarse un hueso puede ser muy grave en un adulto mayor, sobre todo si el hueso es de la cadera.</li>\r\n\t<li>Las personas que se fracturan la cadera tienen m&aacute;s riesgo de ser dependientes en el futuro y de morir antes.&nbsp;</li>\r\n\t<li>Por eso es importante evitar quebrarse los huesos, evitando las ca&iacute;das y tratando la osteoporosis.</li>\r\n\t<li>Existen medicamentos para tratar la osteoporosis, estos reducen las posibilidades de tener fracturas.&nbsp;</li>\r\n\t<li>Los tratamientos son indicados por el m&eacute;dico &nbsp;despu&eacute;s de haber hecho el diagn&oacute;stico con un examen que mide la densidad del hueso.<br />\r\n\t&nbsp;</li>\r\n</ul>", "fecha_creacion": "2020-11-23T04:18:46.350Z"}}, {"model": "content.detalletema", "pk": 33, "fields": {"creado_por": 1, "tema": 33, "subtopico": null, "topico": 9, "descripcion": "<p>Como cuidador, le sugiero tomar las siguientes acciones:</p>\r\n\r\n<ul>\r\n\t<li>Fomentar la actividad f&iacute;sica en los adultos mayores.&nbsp;</li>\r\n\t<li>El tabaco es perjudicial para los huesos, por lo que se debe incentivar a las personas mayores fumadoras a abandonar el h&aacute;bito.&nbsp;</li>\r\n\t<li>El alcohol en exceso tambi&eacute;n es perjudicial, intentar limitar la cantidad de alcohol a una bebida al d&iacute;a como m&aacute;ximo.</li>\r\n\t<li>Incentivar a la persona a comer alimentos ricos en calcio y vitamina D, como la leche, yogurt, los vegetales de hoja verde y el pescado.&nbsp;</li>\r\n\t<li>Consultar con el m&eacute;dico si es necesario que el adulto mayor tome suplementos de calcio y de vitamina D.</li>\r\n\t<li>Tambi&eacute;n es importante hacer todo lo posible para evitar ca&iacute;das (v&eacute;ase Marcha y ca&iacute;das).<br />\r\n\t&nbsp;</li>\r\n</ul>", "fecha_creacion": "2020-11-23T04:19:47.873Z"}}, {"model": "content.detalletema", "pk": 34, "fields": {"creado_por": 1, "tema": 34, "subtopico": null, "topico": 10, "descripcion": "<ul>\r\n\t<li>&nbsp;La edad se asocia a cambios en la composici&oacute;n del cuerpo, como la disminuci&oacute;n de la masa de los huesos y de los m&uacute;sculos, la disminuci&oacute;n del agua y el aumento de la grasa corporal.</li>\r\n\t<li>Estos cambios son importantes porque los requerimientos nutricionales de un adulto joven no ser&aacute;n los mismos que los de un adulto mayor.</li>\r\n\t<li>Las personas mayores tienen un metabolismo basal m&aacute;s bajo, esto quiere decir que su cuerpo trabaja &ldquo;m&aacute;s lento&rdquo;, por lo que basalmente la cantidad de energ&iacute;a que necesitan es menor.</li>\r\n\t<li>Las personas mayores sanas tienen menos hambre, consumen porciones m&aacute;s peque&ntilde;as, comen m&aacute;s lento y se sienten saciadas m&aacute;s r&aacute;pido.&nbsp;</li>\r\n\t<li>El envejecimiento se asocia a una disminuci&oacute;n de la percepci&oacute;n de la sed, por lo que la deshidrataci&oacute;n es un problema frecuente.</li>\r\n\t<li>En general el requerimiento de fluidos es de aproximadamente 30 ml por kilo, por ejemplo, un adulto mayor de 50 kilos deber&iacute;a ingerir 1500 ml (1,5 litro) de l&iacute;quidos al d&iacute;a.&nbsp;</li>\r\n\t<li>En las personas mayores el proceso de masticaci&oacute;n es menos eficiente y el tragar es m&aacute;s lento. Hay que estar atento ante problemas al tragar, lo que se manifiestan por atoros.<br />\r\n\t&nbsp;</li>\r\n</ul>", "fecha_creacion": "2020-11-23T04:53:00.720Z"}}, {"model": "content.detalletema", "pk": 35, "fields": {"creado_por": 1, "tema": 35, "subtopico": null, "topico": 10, "descripcion": "<ul>\r\n\t<li>El equipo de salud (m&eacute;dico, nutricionista) puede realizar una evaluaci&oacute;n nutricional al adulto mayor.&nbsp;</li>\r\n\t<li>En esta evaluaci&oacute;n tomar&aacute;n medidas como el peso, la talla y distintas circunferencias corporales y adem&aacute;s valorar&aacute;n cual es la ingesta de comida del paciente.</li>\r\n\t<li>Tambi&eacute;n seg&uacute;n los profesionales estimen conveniente, se pueden solicitar algunos ex&aacute;menes de sangre para ver c&oacute;mo est&aacute; el estado nutricional.&nbsp;</li>\r\n\t<li>Hay que tener en consideraci&oacute;n que una baja ingesta generalmente es indicador de una enfermedad, que puede ser f&iacute;sica o psicol&oacute;gica.</li>\r\n\t<li>Tambi&eacute;n los profesionales considerar&aacute;n los medicamentos que usa el paciente ya que algunos pueden producir efectos adversos como:\r\n\t<ul>\r\n\t\t<li>Anorexia, que es la falta de ganas de comer.</li>\r\n\t\t<li>Disminuci&oacute;n del olfato y gusto y con esto bajar el deseo de comer.</li>\r\n\t\t<li>Dificultad para tragar.</li>\r\n\t\t<li>Constipaci&oacute;n.</li>\r\n\t\t<li>Disgeusia o alteraci&oacute;n del sabor de los alimentos.</li>\r\n\t\t<li>Alteraci&oacute;n en la absorci&oacute;n de algunos nutrientes.</li>\r\n\t</ul>\r\n\t</li>\r\n\t<li>Hay situaciones sociales que afectan la alimentaci&oacute;n y deben ser consideradas.</li>\r\n\t<li>Entre estas est&aacute;n los problemas para acceder a alimentos tanto por costos como por dificultad para ir a comprarlos, el comer solo o la falta de quien cocine.</li>\r\n\t<li>Todos estos factores nombrados finalmente disminuyen la ingesta de la persona mayor provocando alteraciones nutricionales.<br />\r\n\t&nbsp;</li>\r\n</ul>", "fecha_creacion": "2020-11-23T04:58:09.922Z"}}, {"model": "content.detalletema", "pk": 36, "fields": {"creado_por": 1, "tema": 36, "subtopico": null, "topico": 10, "descripcion": "<ul>\r\n\t<li>En las personas mayores se es un poco m&aacute;s permisivo con el peso que en las personas m&aacute;s j&oacute;venes.&nbsp;</li>\r\n\t<li>Se debe promover un peso saludable a trav&eacute;s de una alimentaci&oacute;n adecuada y actividad f&iacute;sica m&aacute;s que simplemente bajar de peso.</li>\r\n\t<li>A menos que la evaluaci&oacute;n profesional estime que el peso del paciente es tal que trae riesgos para su salud.<br />\r\n\t&nbsp;</li>\r\n</ul>", "fecha_creacion": "2020-11-23T04:58:56.357Z"}}, {"model": "content.detalletema", "pk": 37, "fields": {"creado_por": 1, "tema": 37, "subtopico": null, "topico": 10, "descripcion": "<ul>\r\n\t<li>Bajar de peso de forma involuntaria no es normal, se asocia a mayor mortalidad y mayor frecuencia de enfermedades, por lo tanto debe siempre ser estudiada por un profesional.</li>\r\n\t<li>En ese sentido ser&aacute; muy &uacute;til para el m&eacute;dico saber:&nbsp;\r\n\t<ul>\r\n\t\t<li>Cu&aacute;les son las enfermedades cr&oacute;nicas del paciente.&nbsp;</li>\r\n\t\t<li>Qu&eacute; medicamentos utiliza.&nbsp;</li>\r\n\t\t<li>Evoluci&oacute;n del peso en el tiempo (idealmente pesar al adulto mayor una vez al a&ntilde;o).&nbsp;</li>\r\n\t\t<li>Talla de ropa que usaba y usa actualmente.&nbsp;</li>\r\n\t\t<li>H&aacute;bitos de alimentaci&oacute;n en la casa.&nbsp;</li>\r\n\t\t<li>Estado de la dentadura y el uso de placas dentales, etc.</li>\r\n\t\t<li>Seg&uacute;n la causa de la baja de peso el m&eacute;dico indicar&aacute; el manejo m&aacute;s prudente.</li>\r\n\t\t<li>Puede este incluir suplementos nutricionales, educaci&oacute;n, disminuci&oacute;n de las restricciones o multivitam&iacute;nicos, dentro de otras intervenciones espec&iacute;ficas para cada causa.</li>\r\n\t\t<li>Lo importante es tener en cuenta que la baja de peso no es normal y que debe ser siempre evaluada.<br />\r\n\t\t&nbsp;</li>\r\n\t</ul>\r\n\t</li>\r\n</ul>", "fecha_creacion": "2020-11-23T05:00:23.126Z"}}, {"model": "content.detalletema", "pk": 38, "fields": {"creado_por": 1, "tema": 38, "subtopico": null, "topico": 10, "descripcion": "<ul>\r\n\t<li>Algunas gu&iacute;as sobre c&oacute;mo controlar la nutrici&oacute;n del adulto mayor son:\r\n\t<ul>\r\n\t\t<li>Distribuir las comidas en al menos 4 comidas diarias (cantidades peque&ntilde;as pero varias veces al d&iacute;a), con una dieta variada y equilibrada.</li>\r\n\t\t<li>Controlar pero no restringir del todo (a menos que lo indique un profesional) el consumo de grasas, embutidos, azucares y sal.</li>\r\n\t\t<li>Priorizar el consumo de prote&iacute;nas en forma de carnes blancas como pollo, pavo y pescado. Tambi&eacute;n legumbres y carnes rojas.</li>\r\n\t\t<li>Restringir el alcohol a 1 copa de vino al d&iacute;a, a menos que su m&eacute;dico lo prohiba por alguna enfermedad.</li>\r\n\t\t<li>Consumir gran variedad de frutas y verduras.</li>\r\n\t\t<li>Incluir 3 raciones de l&aacute;cteos (leche, yogurt, quesillo).</li>\r\n\t\t<li>Consultar con su m&eacute;dico la necesidad de las restricciones diet&eacute;ticas.&nbsp;</li>\r\n\t\t<li>En muchas ocasiones hay restricciones como comer sin sal o sin az&uacute;car que pueden ser m&aacute;s laxas y al mejorar el sabor de la comida el adulto mayor mejora el apetito.</li>\r\n\t\t<li>Las personas mayores deben comer en un ambiente tranquilo y c&oacute;modo.&nbsp;</li>\r\n\t\t<li>Se debe asegurar el cuidado de la boca ya que si existen heridas en las enc&iacute;as o las placas est&aacute;n sueltas dificultar&aacute; el proceso de alimentaci&oacute;n.</li>\r\n\t\t<li>La consistencia de la comida debe ser adecuada a las necesidades del paciente. No se debe por ejemplo dar papilla a pacientes que pueden tragar de forma normal o viceversa.</li>\r\n\t\t<li>Utilizar hierbas y especias para compensar la disminuci&oacute;n en el olfato y el gusto propias del envejecimiento.</li>\r\n\t\t<li>Preocuparse de la temperatura de la comida (debe ser tibia), la textura, los colores y la presentaci&oacute;n (por ejemplo preferir el uso de vajilla antes que bandejas de alimentaci&oacute;n).</li>\r\n\t\t<li>Consultar al m&eacute;dico o nutricionista si el adulto mayor requiere alg&uacute;n tipo de suplemento nutricional.</li>\r\n\t\t<li>Tener siempre en cuenta los factores culturales que rodean la alimentaci&oacute;n del adulto mayor y que influencian sus preferencias, por ejemplo factores &eacute;tnicos o religiosos.</li>\r\n\t\t<li>La deshidrataci&oacute;n, como vimos problema frecuente y potencialmente grave, puede presentarse con los siguientes signos:&nbsp;</li>\r\n\t\t<li>Disminuci&oacute;n de la orina, confusi&oacute;n, constipaci&oacute;n o mucosas secas (enc&iacute;as, lengua, ojos).&nbsp;</li>\r\n\t\t<li>Se recomienda una ingesta de agua entre 1,5 y 2 litros al d&iacute;a y consultar al m&eacute;dico en caso necesario.</li>\r\n\t\t<li>En caso que la persona a su cuidado deba ser alimentada debe cuidar que esta se encuentre en la posici&oacute;n adecuada.&nbsp;</li>\r\n\t\t<li>Esto es sentado con la espalda apoyada en el respaldo de la silla y los pies en el suelo. Si est&aacute; en cama debe estar a lo menos a 45&ordm; con la cabeza flexionada hacia adelante.&nbsp;</li>\r\n\t\t<li>Nunca debe alimentar a una persona si no est&aacute; completamente despierta por el riesgo de que la comida se vaya hacia los pulmones.&nbsp;</li>\r\n\t\t<li>Vaya a una velocidad adecuada, asegurando que haya tragado antes de ofrecer otro bocado.</li>\r\n\t\t<li>Si el adulto mayor se atora con frecuencia o tose durante la alimentaci&oacute;n debe consultar a su m&eacute;dico.&nbsp;</li>\r\n\t\t<li>Puede ser consecuencia de un trastorno de la degluci&oacute;n que necesite tratamiento para prevenir el riesgo de aspiraci&oacute;n de comida hacia los pulmones.<br />\r\n\t\t&nbsp;</li>\r\n\t</ul>\r\n\t</li>\r\n</ul>", "fecha_creacion": "2020-11-23T05:02:26.541Z"}}, {"model": "content.detalletema", "pk": 39, "fields": {"creado_por": 1, "tema": 39, "subtopico": null, "topico": 11, "descripcion": "<ul>\r\n\t<li>En las personas mayores se produce una disminuci&oacute;n del funcionamiento de los ri&ntilde;ones.&nbsp;</li>\r\n\t<li>En general esto no produce mayores problemas, salvo en situaciones en que el ri&ntilde;&oacute;n es sometido a estr&eacute;s. Por ejemplo, una enfermedad o el consumo de un medicamento t&oacute;xico.</li>\r\n\t<li>Los ri&ntilde;ones ayudan a limpiar algunos medicamentos, y si funcionan m&aacute;s lento se puede necesitar ajustar la dosis del medicamento para evitar la intoxicaci&oacute;n o alg&uacute;n efecto indeseado.</li>\r\n\t<li>Por otra parte, el h&iacute;gado tambi&eacute;n es un &oacute;rgano que cumple funciones de procesar algunos medicamentos.&nbsp;</li>\r\n\t<li>Con los a&ntilde;os, algunas de estas funciones disminuyen, siendo necesario tomar precauciones en las dosis y el uso de distintos f&aacute;rmacos.&nbsp;</li>\r\n\t<li>Por estas razones es importante NO AUTOMEDICAR al adulto mayor, en comparaci&oacute;n al adulto joven.&nbsp;</li>\r\n\t<li>El mismo f&aacute;rmaco en la misma cantidad podr&iacute;a producirle m&uacute;ltiples efectos indeseados, entre ellos, de los m&aacute;s peligrosos, ca&iacute;das, confusi&oacute;n y disminuci&oacute;n de la memoria.<br />\r\n\t&nbsp;</li>\r\n</ul>", "fecha_creacion": "2020-11-23T05:03:30.747Z"}}, {"model": "content.detalletema", "pk": 40, "fields": {"creado_por": 1, "tema": 40, "subtopico": null, "topico": 11, "descripcion": "<ul>\r\n\t<li>Tenga en cuenta lo siguiente:</li>\r\n\t<li>Siempre recordar que algunas medicinas que son seguras en adultos j&oacute;venes, son peligrosas para las personas mayores, por lo que NO DEBE AUTOMEDICAR.</li>\r\n\t<li>Cuando el adulto mayor asista al m&eacute;dico, coloque todas las medicinas en una bolsa y ll&eacute;velas.&nbsp;</li>\r\n\t<li>Incluya todos los medicamentos, aquellos recetados, aquellos no recetados (como vitaminas), aquellos que use de forma irregular y cualquier producto a base de hierbas o natural que tome.</li>\r\n\t<li>Es importante en este punto que lleve los envases originales y no s&oacute;lo las pastillas o c&aacute;psulas, ya que el m&eacute;dico no tiene como adivinar cu&aacute;l es el producto si usted no lleva el nombre de este.&nbsp;</li>\r\n\t<li>En la consulta con el m&eacute;dico siempre se debe chequear si los medicamentos que est&aacute; tomando el adulto mayor son realmente necesarios, porque muchas veces toman m&aacute;s f&aacute;rmacos de los que necesitan.</li>\r\n\t<li>Siempre se debe estar atento ante s&iacute;ntomas que presente la persona mayor y que puedan ser secundarios a uno de sus medicamentos.&nbsp;</li>\r\n\t<li>Esto debe ser informado al m&eacute;dico, el que podr&aacute; reducir la dosis o cambiar el f&aacute;rmaco.</li>\r\n\t<li>Es importante saber que los medicamentos podr&iacute;an interactuar entre ellos o con hierbas de uso medicinal. Informe a su m&eacute;dico las hierbas que el adulto mayor consume.&nbsp;</li>\r\n\t<li>Las personas mayores tienen m&aacute;s posibilidades de sufrir efectos secundarios con los f&aacute;rmacos como sentirse con sue&ntilde;o, mareado o inestables:&nbsp;</li>\r\n\t<li>Esto debe ser informado al m&eacute;dico ya que resulta peligroso al aumentar el riesgo de sufrir ca&iacute;das.</li>\r\n\t<li>Haga una lista de todos los medicamentos que toma el adulto mayor, incluyendo las dosis, el motivo por el que las toma, y el m&eacute;dico que se las recet&oacute;. Esto es muy &uacute;til cuando el adulto mayor asiste a un control.</li>\r\n\t<li>Cuando le receten al paciente un nuevo medicamento, siempre debe preguntar:&nbsp;\r\n\t<ul>\r\n\t\t<li>Para qu&eacute; sirve. Qu&eacute; problemas puede traer para estar atento y qu&eacute; hacer si estos problemas aparecen.&nbsp;</li>\r\n\t\t<li>Cu&aacute;nto tiempo se debe tomar el medicamento y si se puede tomar junto con otros f&aacute;rmacos. Y qu&eacute; pasa si no se toma el medicamento.<br />\r\n\t\t&nbsp;</li>\r\n\t</ul>\r\n\t</li>\r\n</ul>", "fecha_creacion": "2020-11-23T05:04:54.979Z"}}, {"model": "content.pregunta", "pk": 1, "fields": {"user_creador": 12, "pregunta": "¿Pregunta de ejemplo?", "respuesta": "Respuesta a pregunta 1", "fecha_creacion": "2023-05-31", "user_responde": 13}}, {"model": "content.pregunta", "pk": 2, "fields": {"user_creador": 12, "pregunta": "¿Segunda pregunta de ejemplo para el desarrollo de esta ventana? ¿Tambien puedo hacer otra pregunta aquí mismo? o cualquier tipo de texto de hasta ?? de largo", "respuesta": "Respuesta a pregunta numero 2 asdjalsdj aldjaldjsalsjdlajksdl akjsdlkajsdl kajsdlkjasl dkjalsdkjalskdjalskdjlaksj dlas lasdlkasdlas", "fecha_creacion": "2023-06-05", "user_responde": 13}}, {"model": "content.pregunta", "pk": 3, "fields": {"user_creador": 12, "pregunta": "¿pregunta numero 3 ?", "respuesta": "REasdhaosdjasldka s,dnalsdkna lsdjn aldal kdnaldnalndlansdREasdhaosdjasldka s,dnalsdkna lsdjn aldal kdnaldnalndlansdREasdhaosdjasldka s,dnalsdkna lsdjn aldal kdnaldnalndlansdREasdhaosdjasldka s,dnalsdkna lsdjn aldal kdnaldnalndlansdREasdhaosdjasldka s,dnalsdkna lsdjn aldal kdnaldnalndlansdREasdhaosdjasldka s,dnalsdkna lsdjn aldal kdnaldnalndlansdREasdhaosdjasldka s,dnalsdkna lsdjn aldal kdnaldnalndlansdREasdhaosdjasldka s,dnalsdkna lsdjn aldal kdnaldnalndlansdREasdhaosdjasldka s,dnalsdkna lsdjn aldal kdnaldnalndlansdREasdhaosdjasldka s,dnalsdkna lsdjn aldal kdnaldnalndlansd", "fecha_creacion": "2023-06-05", "user_responde": 13}}, {"model": "content.pregunta", "pk": 4, "fields": {"user_creador": 12, "pregunta": "ordenado?", "respuesta": "asd", "fecha_creacion": "2023-06-06", "user_responde": 13}}, {"model": "content.pregunta", "pk": 5, "fields": {"user_creador": 12, "pregunta": "Nueva pregunta??", "respuesta": null, "fecha_creacion": "2023-06-12", "user_responde": null}}, {"model": "patient.paciente", "pk": 2, "fields": {"user": 12, "nombres": "Paciente Uno", "apellidos": "Uno", "edad": 70, "fecha_de_nacimiento": "2023-05-25", "sexo": "Femenino", "enfermedades": "Ninguna"}}, {"model": "patient.evento", "pk": 6, "fields": {"user": 12, "fecha": "2023-05-25", "f_baño": 5, "f_alimentacion": 3, "f_sueño": 6, "animo": 7, "comentario": "nada"}}, {"model": "patient.evento", "pk": 9, "fields": {"user": 12, "fecha": "2023-05-16", "f_baño": 4, "f_alimentacion": 3, "f_sueño": 5, "animo": 2, "comentario": "nada"}}, {"model": "patient.evento", "pk": 10, "fields": {"user": 12, "fecha": "2023-05-24", "f_baño": 6, "f_alimentacion": null, "f_sueño": 2, "animo": 8, "comentario": "nada"}}, {"model": "patient.evento", "pk": 11, "fields": {"user": 12, "fecha": "2023-05-31", "f_baño": 2, "f_alimentacion": 5, "f_sueño": 8, "animo": 9, "comentario": "nada"}}, {"model": "patient.cuidador", "pk": 1, "fields": {"user": 4, "edad": 56, "estado_civil": "Viudo", "tipo": "Informal", "relacion_paciente": "Hermano", "fecha_cuidado": "2020-11-13", "medico": null}}, {"model": "patient.cuidador", "pk": 2, "fields": {"user": 2, "edad": 82, "estado_civil": "Casado", "tipo": "Informal", "relacion_paciente": "Hermano", "fecha_cuidado": "2020-12-24", "medico": 13}}, {"model": "patient.cuidador", "pk": 3, "fields": {"user": 5, "edad": 87, "estado_civil": "Soltero", "tipo": "Informal", "relacion_paciente": "Hijo", "fecha_cuidado": "2020-11-06", "medico": null}}, {"model": "patient.cuidador", "pk": 4, "fields": {"user": 11, "edad": 23, "estado_civil": "Soltero", "tipo": "Informal", "relacion_paciente": "Otro", "fecha_cuidado": "2023-03-22", "medico": 13}}, {"model": "patient.cuidador", "pk": 5, "fields": {"user": 12, "edad": 25, "estado_civil": "Soltero", "tipo": "Informal", "relacion_paciente": "Hijo", "fecha_cuidado": "2023-03-28", "medico": 13}}, {"model": "patient.tipotest", "pk": 1, "fields": {"nombre": "NPI"}}, {"model": "patient.tipotest", "pk": 2, "fields": {"nombre": "ZARIT"}}, {"model": "patient.test", "pk": 13, "fields": {"cuidador": 4, "tipo_test": 1, "fecha": "2020-12-30T18:59:56.644Z"}}, {"model": "patient.test", "pk": 14, "fields": {"cuidador": 4, "tipo_test": 1, "fecha": "2020-12-30T20:36:43.835Z"}}, {"model": "patient.test", "pk": 15, "fields": {"cuidador": 4, "tipo_test": 2, "fecha": "2020-12-30T21:09:17.947Z"}}, {"model": "patient.test", "pk": 16, "fields": {"cuidador": 4, "tipo_test": 1, "fecha": "2020-12-31T00:39:26.784Z"}}, {"model": "patient.test", "pk": 17, "fields": {"cuidador": 2, "tipo_test": 2, "fecha": "2020-12-31T07:28:46.323Z"}}, {"model": "patient.test", "pk": 18, "fields": {"cuidador": 2, "tipo_test": 1, "fecha": "2021-01-11T06:34:17.041Z"}}, {"model": "patient.test", "pk": 19, "fields": {"cuidador": 2, "tipo_test": 2, "fecha": "2021-01-11T06:36:08.144Z"}}, {"model": "patient.test", "pk": 20, "fields": {"cuidador": 2, "tipo_test": 2, "fecha": "2021-01-11T06:51:43.721Z"}}, {"model": "patient.test", "pk": 21, "fields": {"cuidador": 2, "tipo_test": 2, "fecha": "2021-01-11T06:52:40.487Z"}}, {"model": "patient.test", "pk": 22, "fields": {"cuidador": 12, "tipo_test": 1, "fecha": "2023-04-04T14:09:48.325Z"}}, {"model": "patient.test", "pk": 23, "fields": {"cuidador": 12, "tipo_test": 1, "fecha": "2023-04-20T17:54:06.449Z"}}, {"model": "patient.test", "pk": 24, "fields": {"cuidador": 12, "tipo_test": 1, "fecha": "2023-05-15T21:42:47.610Z"}}, {"model": "patient.test", "pk": 25, "fields": {"cuidador": 12, "tipo_test": 1, "fecha": "2023-05-25T20:45:15.162Z"}}, {"model": "patient.test", "pk": 26, "fields": {"cuidador": 12, "tipo_test": 1, "fecha": "2023-06-14T14:34:18.785Z"}}, {"model": "patient.test", "pk": 32, "fields": {"cuidador": 12, "tipo_test": 2, "fecha": "2022-06-01T15:47:58.412Z"}}, {"model": "patient.test", "pk": 33, "fields": {"cuidador": 12, "tipo_test": 2, "fecha": "2023-06-15T16:06:31.068Z"}}, {"model": "patient.test", "pk": 34, "fields": {"cuidador": 12, "tipo_test": 2, "fecha": "2023-05-15T16:10:07.497Z"}}, {"model": "patient.test", "pk": 35, "fields": {"cuidador": 12, "tipo_test": 2, "fecha": "2023-06-07T16:13:11.567Z"}}, {"model": "patient.test", "pk": 36, "fields": {"cuidador": 12, "tipo_test": 2, "fecha": "2023-06-03T16:13:46.964Z"}}, {"model": "patient.test", "pk": 37, "fields": {"cuidador": 12, "tipo_test": 2, "fecha": "2023-06-05T16:14:20.414Z"}}, {"model": "patient.respuestanpi", "pk": 5, "fields": {"test": 13, "r1a": 1, "r1b": 3, "r2a": 1, "r2b": 2, "r3a": 0, "r3b": 0, "r4a": 9, "r4b": 0, "r5a": 1, "r5b": 9, "r6a": 1, "r6b": 3, "r7a": 1, "r7b": 1, "r8a": 1, "r8b": 2, "r9a": 0, "r9b": 0, "r10a": 0, "r10b": 0, "r11a": 9, "r11b": 0, "r12a": 9, "r12b": 0}}, {"model": "patient.respuestanpi", "pk": 6, "fields": {"test": 14, "r1a": 1, "r1b": 1, "r2a": 1, "r2b": 3, "r3a": 1, "r3b": 9, "r4a": 1, "r4b": 1, "r5a": 0, "r5b": 0, "r6a": 0, "r6b": 0, "r7a": 1, "r7b": 1, "r8a": 1, "r8b": 2, "r9a": 1, "r9b": 3, "r10a": 1, "r10b": 9, "r11a": 0, "r11b": 0, "r12a": 9, "r12b": 0}}, {"model": "patient.respuestanpi", "pk": 7, "fields": {"test": 16, "r1a": 1, "r1b": 3, "r2a": 0, "r2b": 0, "r3a": 0, "r3b": 0, "r4a": 9, "r4b": 0, "r5a": 1, "r5b": 0, "r6a": 1, "r6b": 0, "r7a": 1, "r7b": 0, "r8a": 1, "r8b": 3, "r9a": 1, "r9b": 0, "r10a": 0, "r10b": 0, "r11a": 9, "r11b": 0, "r12a": 1, "r12b": 0}}, {"model": "patient.respuestanpi", "pk": 8, "fields": {"test": 18, "r1a": 0, "r1b": 0, "r2a": 0, "r2b": 0, "r3a": 1, "r3b": 3, "r4a": 1, "r4b": 0, "r5a": 0, "r5b": 0, "r6a": 1, "r6b": 1, "r7a": 1, "r7b": 2, "r8a": 1, "r8b": 3, "r9a": 1, "r9b": 9, "r10a": 0, "r10b": 0, "r11a": 1, "r11b": 0, "r12a": 9, "r12b": 0}}, {"model": "patient.respuestanpi", "pk": 9, "fields": {"test": 22, "r1a": 1, "r1b": 2, "r2a": 1, "r2b": 1, "r3a": 0, "r3b": 0, "r4a": 9, "r4b": 0, "r5a": 1, "r5b": 2, "r6a": 1, "r6b": 3, "r7a": 9, "r7b": 0, "r8a": 9, "r8b": 0, "r9a": 9, "r9b": 0, "r10a": 9, "r10b": 0, "r11a": 9, "r11b": 0, "r12a": 9, "r12b": 0}}, {"model": "patient.respuestanpi", "pk": 10, "fields": {"test": 23, "r1a": 1, "r1b": 1, "r2a": 1, "r2b": 2, "r3a": 1, "r3b": 2, "r4a": 0, "r4b": 0, "r5a": 0, "r5b": 0, "r6a": 0, "r6b": 0, "r7a": 0, "r7b": 0, "r8a": 0, "r8b": 0, "r9a": 0, "r9b": 0, "r10a": 0, "r10b": 0, "r11a": 0, "r11b": 0, "r12a": 0, "r12b": 0}}, {"model": "patient.respuestanpi", "pk": 11, "fields": {"test": 24, "r1a": 0, "r1b": 0, "r2a": 0, "r2b": 0, "r3a": 0, "r3b": 0, "r4a": 0, "r4b": 0, "r5a": 0, "r5b": 0, "r6a": 0, "r6b": 0, "r7a": 0, "r7b": 0, "r8a": 0, "r8b": 0, "r9a": 0, "r9b": 0, "r10a": 0, "r10b": 0, "r11a": 0, "r11b": 0, "r12a": 0, "r12b": 0}}, {"model": "patient.respuestanpi", "pk": 12, "fields": {"test": 25, "r1a": 1, "r1b": 1, "r2a": 1, "r2b": 2, "r3a": 1, "r3b": 1, "r4a": 1, "r4b": 3, "r5a": 1, "r5b": 2, "r6a": 1, "r6b": 9, "r7a": 0, "r7b": 0, "r8a": 1, "r8b": 9, "r9a": 1, "r9b": 2, "r10a": 1, "r10b": 9, "r11a": 1, "r11b": 1, "r12a": 1, "r12b": 3}}, {"model": "patient.respuestanpi", "pk": 13, "fields": {"test": 26, "r1a": 1, "r1b": 2, "r2a": 1, "r2b": 1, "r3a": 0, "r3b": 0, "r4a": 1, "r4b": 3, "r5a": 1, "r5b": 9, "r6a": 0, "r6b": 0, "r7a": 1, "r7b": 3, "r8a": 1, "r8b": 9, "r9a": 1, "r9b": 2, "r10a": 0, "r10b": 0, "r11a": 1, "r11b": 1, "r12a": 1, "r12b": 1}}, {"model": "patient.respuestazarit", "pk": 4, "fields": {"test": 15, "r1": 1, "r2": 2, "r3": 3, "r4": 4, "r5": 5, "r6": 1, "r7": 2, "r8": 3, "r9": 4, "r10": 5, "r11": 4, "r12": 3, "r13": 4, "r14": 2, "r15": 1, "r16": 2, "r17": 3, "r18": 4, "r19": 5, "r20": 4, "r21": 3, "r22": 2, "resultado": 67, "evaluacion": "Sobrecarga Intensa"}}, {"model": "patient.respuestazarit", "pk": 5, "fields": {"test": 17, "r1": 3, "r2": 2, "r3": 3, "r4": 2, "r5": 3, "r6": 3, "r7": 4, "r8": 4, "r9": 3, "r10": 3, "r11": 3, "r12": 3, "r13": 3, "r14": 3, "r15": 4, "r16": 4, "r17": 4, "r18": 5, "r19": 4, "r20": 2, "r21": 1, "r22": 1, "resultado": 67, "evaluacion": "Sobrecarga Intensa"}}, {"model": "patient.respuestazarit", "pk": 6, "fields": {"test": 19, "r1": 3, "r2": 3, "r3": 4, "r4": 1, "r5": 4, "r6": 3, "r7": 3, "r8": 3, "r9": 3, "r10": 2, "r11": 2, "r12": 3, "r13": 4, "r14": 5, "r15": 5, "r16": 3, "r17": 2, "r18": 2, "r19": 2, "r20": 5, "r21": 3, "r22": 3, "resultado": 68, "evaluacion": "Sobrecarga Intensa"}}, {"model": "patient.respuestazarit", "pk": 7, "fields": {"test": 20, "r1": 2, "r2": 2, "r3": 2, "r4": 3, "r5": 2, "r6": 2, "r7": 2, "r8": 2, "r9": 2, "r10": 2, "r11": 2, "r12": 2, "r13": 2, "r14": 2, "r15": 2, "r16": 2, "r17": 2, "r18": 2, "r19": 2, "r20": 2, "r21": 1, "r22": 1, "resultado": 43, "evaluacion": "Ausencia de Sobrecarga"}}, {"model": "patient.respuestazarit", "pk": 8, "fields": {"test": 21, "r1": 3, "r2": 3, "r3": 3, "r4": 3, "r5": 2, "r6": 2, "r7": 2, "r8": 2, "r9": 2, "r10": 2, "r11": 2, "r12": 2, "r13": 2, "r14": 2, "r15": 2, "r16": 2, "r17": 3, "r18": 2, "r19": 2, "r20": 2, "r21": 3, "r22": 2, "resultado": 50, "evaluacion": "Sobrecarga Ligera"}}, {"model": "patient.respuestazarit", "pk": 9, "fields": {"test": 32, "r1": 3, "r2": 4, "r3": 4, "r4": 3, "r5": 1, "r6": 2, "r7": 2, "r8": 4, "r9": 3, "r10": 2, "r11": 1, "r12": 2, "r13": 4, "r14": 2, "r15": 1, "r16": 2, "r17": 3, "r18": 3, "r19": 1, "r20": 3, "r21": 1, "r22": 2, "resultado": 53, "evaluacion": "Sobrecarga Ligera"}}, {"model": "patient.respuestazarit", "pk": 10, "fields": {"test": 33, "r1": 1, "r2": 2, "r3": 2, "r4": 2, "r5": 3, "r6": 1, "r7": 3, "r8": 1, "r9": 2, "r10": 3, "r11": 2, "r12": 1, "r13": 2, "r14": 2, "r15": 1, "r16": 2, "r17": 3, "r18": 1, "r19": 3, "r20": 3, "r21": 2, "r22": 2, "resultado": 44, "evaluacion": "Ausencia de Sobrecarga"}}, {"model": "patient.respuestazarit", "pk": 11, "fields": {"test": 34, "r1": 4, "r2": 5, "r3": 4, "r4": 3, "r5": 4, "r6": 5, "r7": 3, "r8": 5, "r9": 4, "r10": 3, "r11": 2, "r12": 1, "r13": 4, "r14": 3, "r15": 3, "r16": 5, "r17": 3, "r18": 4, "r19": 3, "r20": 3, "r21": 4, "r22": 4, "resultado": 79, "evaluacion": "Sobrecarga Intensa"}}, {"model": "patient.respuestazarit", "pk": 12, "fields": {"test": 35, "r1": 2, "r2": 2, "r3": 2, "r4": 1, "r5": 3, "r6": 2, "r7": 1, "r8": 2, "r9": 3, "r10": 1, "r11": 2, "r12": 2, "r13": 4, "r14": 2, "r15": 1, "r16": 2, "r17": 3, "r18": 1, "r19": 1, "r20": 1, "r21": 1, "r22": 1, "resultado": 40, "evaluacion": "Ausencia de Sobrecarga"}}, {"model": "patient.respuestazarit", "pk": 13, "fields": {"test": 36, "r1": 3, "r2": 3, "r3": 4, "r4": 3, "r5": 4, "r6": 2, "r7": 4, "r8": 3, "r9": 2, "r10": 4, "r11": 5, "r12": 4, "r13": 4, "r14": 4, "r15": 3, "r16": 4, "r17": 4, "r18": 4, "r19": 4, "r20": 3, "r21": 4, "r22": 4, "resultado": 79, "evaluacion": "Sobrecarga Intensa"}}, {"model": "patient.respuestazarit", "pk": 14, "fields": {"test": 37, "r1": 1, "r2": 3, "r3": 3, "r4": 2, "r5": 1, "r6": 3, "r7": 1, "r8": 3, "r9": 1, "r10": 3, "r11": 2, "r12": 2, "r13": 2, "r14": 2, "r15": 2, "r16": 1, "r17": 2, "r18": 2, "r19": 2, "r20": 3, "r21": 2, "r22": 1, "resultado": 44, "evaluacion": "Ausencia de Sobrecarga"}}]